width,height,out_width,out_height,mode,round,frame,input,upload_ms,record_ms,submit_ms,wait_ms,query_ms,retire_ms,read_ms,total_ms,device_ms
1280,720,2560,1440,resident,0,10,0,3e-05,0.00166,0.06927,0.88461,0.01546,0.00022,3e-05,0.97128,0.76884
1280,720,2560,1440,resident,0,11,1,4e-05,0.00191,0.082169,0.846201,0.012739,0.00017,2e-05,0.943249,0.7582
1280,720,2560,1440,resident,0,12,0,3e-05,0.00166,0.07002,0.85657,0.01543,0.00019,3e-05,0.94393,0.74832
1280,720,2560,1440,resident,0,13,1,3e-05,0.00186,0.082049,0.826251,0.01311,0.00016,3e-05,0.92349,0.74336
1280,720,2560,1440,resident,0,14,0,3e-05,0.00161,0.069489,0.849241,0.01563,0.00022,3e-05,0.93625,0.74336
1280,720,2560,1440,resident,0,15,1,3e-05,0.00182,0.082509,0.821381,0.01284,0.00018,2e-05,0.91878,0.74312
1280,720,2560,1440,resident,0,16,0,3e-05,0.00169,0.069429,0.856811,0.01544,0.00023,3e-05,0.94366,0.74328
1280,720,2560,1440,resident,0,17,1,4e-05,0.00195,0.083479,0.827011,0.015589,0.00021,3e-05,0.928309,0.7424
1280,720,2560,1440,resident,0,18,0,4e-05,0.00186,0.533615,0.804771,0.01326,0.00017,3e-05,1.353746,0.74088
1280,720,2560,1440,resident,0,19,1,3e-05,0.00162,0.070719,0.847951,0.015569,0.0002,3e-05,0.936119,0.745
1280,720,2560,1440,resident,0,20,0,3e-05,0.00187,0.08203,0.822511,0.01343,0.00015,2e-05,0.920041,0.74244
1280,720,2560,1440,resident,0,21,1,3e-05,0.0016,0.071029,0.847001,0.015829,0.00021,3e-05,0.935729,0.74416
1280,720,2560,1440,resident,0,22,0,4e-05,0.00193,0.081989,0.822511,0.01278,0.00018,2e-05,0.91945,0.74284
1280,720,2560,1440,resident,0,23,1,3e-05,0.00159,0.070359,0.842341,0.01307,0.00017,3e-05,0.92759,0.74368
1280,720,2560,1440,resident,0,24,0,3e-05,0.00164,0.080869,0.835721,0.01515,0.00018,3e-05,0.93362,0.74456
1280,720,2560,1440,resident,0,25,1,3e-05,0.0019,0.082349,0.832411,0.01558,0.00019,3e-05,0.93249,0.74528
1280,720,2560,1440,resident,0,26,0,4e-05,0.00197,0.081569,0.821671,0.01311,0.00017,2e-05,0.91855,0.74052
1280,720,2560,1440,resident,0,27,1,3e-05,0.0016,0.069999,0.840941,0.01897,0.00018,3e-05,0.93175,0.74364
1280,720,2560,1440,resident,0,28,0,3e-05,0.00158,0.070249,0.834601,0.01302,0.00018,2e-05,0.91968,0.74316
1280,720,2560,1440,resident,0,29,1,3e-05,0.00156,0.075879,0.834381,0.0131,0.00017,2e-05,0.92514,0.7428
1280,720,2560,1440,resident,0,30,0,3e-05,0.0016,0.070079,0.84517,0.01592,0.00019,3e-05,0.933019,0.74316
1280,720,2560,1440,resident,0,31,1,3e-05,0.00195,0.082089,0.822651,0.01301,0.00017,3e-05,0.91993,0.74448
1280,720,2560,1440,resident,0,32,0,3e-05,0.00166,0.07091,0.84611,0.01563,0.00029,4e-05,0.93467,0.74356
1280,720,2560,1440,resident,0,33,1,7e-05,0.00244,0.092869,0.810251,0.01345,0.00019,3e-05,0.9193,0.74516
1280,720,2560,1440,resident,0,34,0,3e-05,0.00166,0.069769,0.845351,0.01561,0.0002,3e-05,0.93265,0.743
1280,720,2560,1440,resident,0,35,1,4e-05,0.00186,0.082229,0.826611,0.01274,0.00017,3e-05,0.92368,0.74716
1280,720,2560,1440,resident,0,36,0,2e-05,0.00169,0.070709,0.849151,0.01528,0.00021,3e-05,0.93709,0.74452
1280,720,2560,1440,resident,0,37,1,3e-05,0.00185,0.081789,0.829501,0.01558,0.0002,3e-05,0.92898,0.74356
1280,720,2560,1440,resident,0,38,0,3e-05,0.001819,0.07474,0.829421,0.01324,0.00018,2e-05,0.91945,0.7434
1280,720,2560,1440,resident,0,39,1,3e-05,0.00157,0.070299,1.111038,0.01309,0.00018,3e-05,1.196237,0.744
1280,720,2560,1440,end-to-end,0,10,0,0.158478,0.00268,0.090059,3.585411,0.01904,0.00031,0.632783,4.488761,3.49968
1280,720,2560,1440,end-to-end,0,11,1,0.146669,0.0026,0.100129,3.57403,0.02017,0.00033,0.608464,4.452392,3.49704
1280,720,2560,1440,end-to-end,0,12,0,0.106738,0.00245,0.08562,3.569321,0.01852,0.00031,0.601583,4.384542,3.49768
1280,720,2560,1440,end-to-end,0,13,1,0.131959,0.00261,0.112398,3.578001,0.01919,0.00038,0.613143,4.457681,3.50184
1280,720,2560,1440,end-to-end,0,14,0,0.114519,0.0026,0.085619,3.572491,0.01869,0.00031,0.594573,4.388802,3.49876
1280,720,2560,1440,end-to-end,0,15,1,0.123809,0.00266,0.099549,3.581981,0.02083,0.00036,0.612103,4.441292,3.49904
1280,720,2560,1440,end-to-end,0,16,0,0.124529,0.0028,0.100879,3.57744,0.01916,0.00024,0.688653,4.513701,3.49872
1280,720,2560,1440,end-to-end,0,17,1,0.130938,0.00241,0.093269,3.586001,0.01941,0.00028,0.682283,4.514591,3.49728
1280,720,2560,1440,end-to-end,0,18,0,0.128608,0.00311,0.093719,3.577221,0.01864,0.00025,0.666103,4.487651,3.49848
1280,720,2560,1440,end-to-end,0,19,1,0.130428,0.00258,0.099949,3.583641,0.01848,0.00027,0.669393,4.504741,3.50568
1280,720,2560,1440,end-to-end,0,20,0,0.129299,0.00269,0.092929,3.578261,0.01887,0.00023,0.637993,4.460272,3.50164
1280,720,2560,1440,end-to-end,0,21,1,0.120539,0.00215,0.085239,3.583841,0.021289,0.00024,0.653723,4.467021,3.50108
1280,720,2560,1440,end-to-end,0,22,0,0.120169,0.00298,0.104369,3.569711,0.0189,0.00026,0.641953,4.458342,3.49604
1280,720,2560,1440,end-to-end,0,23,1,0.127868,0.00238,0.086289,3.576751,0.01924,0.0003,0.631753,4.444581,3.5
1280,720,2560,1440,end-to-end,0,24,0,0.137959,0.00263,0.099949,3.574121,0.018469,0.00024,0.633723,4.467091,3.49816
1280,720,2560,1440,end-to-end,0,25,1,0.116849,0.00246,0.086069,3.576361,0.0192,0.00031,0.626523,4.427772,3.4986
1280,720,2560,1440,end-to-end,0,26,0,0.125969,0.00264,0.107789,3.572571,0.01853,0.00025,0.624763,4.452512,3.49912
1280,720,2560,1440,end-to-end,0,27,1,0.115539,0.00225,0.086069,3.575391,0.018519,0.00028,0.621464,4.419512,3.49804
1280,720,2560,1440,end-to-end,0,28,0,0.116428,0.00274,0.102899,3.575361,0.01913,0.00028,0.639063,4.455901,3.5024
1280,720,2560,1440,end-to-end,0,29,1,0.127409,0.0027,0.084509,3.573261,0.028159,0.0003,0.610774,4.427112,3.4976
1280,720,2560,1440,end-to-end,0,30,0,0.121178,0.00258,0.100759,3.574021,0.0191,0.00029,0.639083,4.457011,3.49536
1280,720,2560,1440,end-to-end,0,31,1,0.125909,0.00282,0.102659,3.579231,0.019259,0.00029,0.653333,4.483501,3.49876
1280,720,2560,1440,end-to-end,0,32,0,0.107199,0.00253,0.088179,3.574151,0.01913,0.00026,0.618583,4.410032,3.5002
1280,720,2560,1440,end-to-end,0,33,1,0.140119,0.00269,0.100218,3.572912,0.018959,0.00036,0.630934,4.466192,3.49648
1280,720,2560,1440,end-to-end,0,34,0,0.112128,0.0024,0.088009,3.573892,0.018689,0.00024,0.625863,4.421221,3.49884
1280,720,2560,1440,end-to-end,0,35,1,0.126779,0.00256,0.111339,3.581691,0.01833,0.00029,0.627933,4.468922,3.50364
1280,720,2560,1440,end-to-end,0,36,0,0.107779,0.002299,0.08493,3.572741,0.018509,0.00028,0.610094,4.396632,3.50024
1280,720,2560,1440,end-to-end,0,37,1,0.126978,0.00258,0.099259,3.575331,0.01855,0.00032,0.620913,4.443931,3.49888
1280,720,2560,1440,end-to-end,0,38,0,0.126199,0.00258,0.089619,3.574311,0.01853,0.00025,0.619693,4.431182,3.49996
1280,720,2560,1440,end-to-end,0,39,1,0.115679,0.00257,0.099029,3.575311,0.01887,0.00032,0.608843,4.420622,3.49896
1920,1080,960,540,resident,0,10,0,3e-05,0.00157,0.069539,1.055038,0.01576,0.00024,4e-05,1.142217,0.94176
1920,1080,960,540,resident,0,11,1,4e-05,0.00183,0.085119,1.019969,0.01302,0.00021,3e-05,1.120218,0.93304
1920,1080,960,540,resident,0,12,0,2e-05,0.00161,0.070739,1.044729,0.0159,0.00026,3e-05,1.133288,0.9344
1920,1080,960,540,resident,0,13,1,3e-05,0.00192,0.092439,1.017248,0.01582,0.00023,3e-05,1.127717,0.93328
1920,1080,960,540,resident,0,14,0,3e-05,0.00192,0.082459,1.027919,0.01551,0.00024,3e-05,1.128108,0.93336
1920,1080,960,540,resident,0,15,1,3e-05,0.0019,0.079409,1.032419,0.01579,0.0002,4e-05,1.129788,0.93256
1920,1080,960,540,resident,0,16,0,3e-05,0.00196,0.084129,1.018528,0.01334,0.00021,3e-05,1.118227,0.93308
1920,1080,960,540,resident,0,17,1,2e-05,0.00149,0.07022,1.043818,0.01399,0.00023,2e-05,1.129788,0.93272
1920,1080,960,540,resident,0,18,0,2e-05,0.00177,0.073499,1.038969,0.01526,0.0002,4e-05,1.129758,0.93488
1920,1080,960,540,resident,0,19,1,3e-05,0.00174,0.082529,1.022889,0.0135,0.00019,3e-05,1.120908,0.93416
1920,1080,960,540,resident,0,20,0,3e-05,0.00161,0.072759,1.043159,0.015479,0.00026,3e-05,1.133327,0.9332
1920,1080,960,540,resident,0,21,1,3e-05,0.00182,0.092389,1.018829,0.01566,0.00025,3e-05,1.129008,0.934
1920,1080,960,540,resident,0,22,0,4e-05,0.0018,0.083089,1.026199,0.01595,0.00026,4e-05,1.127378,0.93416
1920,1080,960,540,resident,0,23,1,3e-05,0.00192,0.082009,1.022118,0.01322,0.00021,2e-05,1.119527,0.93368
1920,1080,960,540,resident,0,24,0,3e-05,0.00154,0.07018,1.042668,0.01539,0.00025,3e-05,1.130088,0.93436
1920,1080,960,540,resident,0,25,1,3e-05,0.00182,0.082599,1.016949,0.01269,0.0002,2e-05,1.114308,0.93376
1920,1080,960,540,resident,0,26,0,3e-05,0.00153,0.070449,1.036929,0.01534,0.00023,3e-05,1.124538,0.93204
1920,1080,960,540,resident,0,27,1,4e-05,0.00176,0.082719,1.012659,0.0127,0.00018,3e-05,1.110088,0.93344
1920,1080,960,540,resident,0,28,0,3e-05,0.00153,0.069319,1.039128,0.01522,0.00023,3e-05,1.125487,0.93296
1920,1080,960,540,resident,0,29,1,4e-05,0.0018,0.093079,1.006889,0.0155,0.00025,3e-05,1.117588,0.93432
1920,1080,960,540,resident,0,30,0,3e-05,0.00181,0.082709,1.018699,0.01533,0.00024,3e-05,1.118848,0.93376
1920,1080,960,540,resident,0,31,1,3e-05,0.00179,0.082119,1.019429,0.01416,0.00019,2e-05,1.117738,0.93308
1920,1080,960,540,resident,0,32,0,3e-05,0.00156,0.069769,1.036269,0.01551,0.00025,3e-05,1.123418,0.93452
1920,1080,960,540,resident,0,33,1,4e-05,0.00185,0.083509,1.011429,0.013069,0.0002,3e-05,1.110127,0.93204
1920,1080,960,540,resident,0,34,0,2e-05,0.00163,0.07076,1.037548,0.01562,0.00024,3e-05,1.125848,0.9334
1920,1080,960,540,resident,0,35,1,3e-05,0.00181,0.083429,1.015209,0.01302,0.0002,3e-05,1.113728,0.93488
1920,1080,960,540,resident,0,36,0,3e-05,0.00154,0.070429,1.037249,0.01546,0.00027,3e-05,1.125008,0.93368
1920,1080,960,540,resident,0,37,1,4e-05,0.00182,0.094779,1.010699,0.01291,0.00023,2e-05,1.120498,0.9324
1920,1080,960,540,resident,0,38,0,3e-05,0.0016,0.070679,1.044428,0.01563,0.00028,3e-05,1.132677,0.93344
1920,1080,960,540,resident,0,39,1,3e-05,0.0019,0.083139,1.022409,0.01543,0.00025,3e-05,1.123188,0.93452
1920,1080,960,540,end-to-end,0,10,0,0.277967,0.0025,0.653653,2.507312,0.01613,0.00025,0.072689,3.530501,2.43392
1920,1080,960,540,end-to-end,0,11,1,0.290667,0.00263,0.096009,2.484543,0.01603,0.00025,0.069179,2.959308,2.41344
1920,1080,960,540,end-to-end,0,12,0,0.255347,0.00228,0.097169,2.483313,0.01547,0.00022,0.069899,2.923698,2.41292
1920,1080,960,540,end-to-end,0,13,1,0.243748,0.00228,0.101869,2.479522,0.01475,0.00022,0.066689,2.909078,2.413
1920,1080,960,540,end-to-end,0,14,0,0.238178,0.00214,0.082649,2.486713,0.01561,0.00022,0.072439,2.897949,2.4144
1920,1080,960,540,end-to-end,0,15,1,0.276667,0.00236,0.096219,2.485973,0.01565,0.00026,0.071279,2.948408,2.41452
1920,1080,960,540,end-to-end,0,16,0,0.276517,0.00229,0.095979,2.485423,0.015649,0.00025,0.072,2.948108,2.41424
1920,1080,960,540,end-to-end,0,17,1,0.276567,0.00233,0.095518,2.485873,0.01567,0.00026,0.071909,2.948127,2.41328
1920,1080,960,540,end-to-end,0,18,0,0.276347,0.00228,0.095849,2.487533,0.01552,0.00021,0.071999,2.949738,2.41656
1920,1080,960,540,end-to-end,0,19,1,0.274447,0.00236,0.094799,2.485273,0.01581,0.00022,0.077489,2.950398,2.41428
1920,1080,960,540,end-to-end,0,20,0,0.276177,0.00232,0.094699,2.483813,0.01557,0.00021,0.071929,2.944718,2.41316
1920,1080,960,540,end-to-end,0,21,1,0.274227,0.00233,0.094749,2.488933,0.01594,0.00025,0.071929,2.948358,2.41456
1920,1080,960,540,end-to-end,0,22,0,0.275517,0.00235,0.095609,2.484133,0.01927,0.00022,0.072219,2.949318,2.41412
1920,1080,960,540,end-to-end,0,23,1,0.267017,0.00236,0.094649,2.485103,0.01544,0.0002,0.075659,2.940428,2.4146
1920,1080,960,540,end-to-end,0,24,0,0.266077,0.00229,0.085169,2.486473,0.01527,0.00024,0.071169,2.926688,2.41364
1920,1080,960,540,end-to-end,0,25,1,0.270667,0.00235,0.090899,2.487273,0.01559,0.00027,0.071729,2.938778,2.41412
1920,1080,960,540,end-to-end,0,26,0,0.248897,0.00247,0.095809,2.485633,0.01553,0.00027,0.070869,2.919478,2.414
1920,1080,960,540,end-to-end,0,27,1,0.251247,0.00231,0.101819,2.488683,0.01586,0.00024,0.071319,2.931478,2.41768
1920,1080,960,540,end-to-end,0,28,0,0.284297,0.00238,0.094859,2.484413,0.01524,0.00022,0.073749,2.955158,2.41436
1920,1080,960,540,end-to-end,0,29,1,0.246897,0.00227,0.100539,2.516942,0.03745,0.00034,0.086299,2.990737,2.41424
1920,1080,960,540,end-to-end,0,30,0,0.253527,0.00323,0.154648,2.518153,0.02992,0.00028,0.082779,3.042537,2.41532
1920,1080,960,540,end-to-end,0,31,1,0.295067,0.00286,0.139618,2.515963,0.029949,0.00028,0.089619,3.073356,2.41476
1920,1080,960,540,end-to-end,0,32,0,0.272277,0.00278,0.125779,2.495063,0.01949,0.00028,0.092069,3.007738,2.41308
1920,1080,960,540,end-to-end,0,33,1,0.248197,0.0026,0.112749,2.494443,0.019979,0.0003,0.095439,2.973707,2.41432
1920,1080,960,540,end-to-end,0,34,0,0.296297,0.00277,0.114319,2.491863,0.020499,0.00033,0.094739,3.020817,2.41464
1920,1080,960,540,end-to-end,0,35,1,0.243408,0.00258,0.112428,2.496093,0.01996,0.00029,0.091489,2.966248,2.414
1920,1080,960,540,end-to-end,0,36,0,0.247007,0.00287,0.111649,2.500053,0.02399,0.0003,0.093369,2.979238,2.41376
1920,1080,960,540,end-to-end,0,37,1,0.288796,0.00302,0.117079,2.489883,0.02018,0.00026,0.092369,3.011587,2.41372
1920,1080,960,540,end-to-end,0,38,0,0.249777,0.0026,0.108969,2.491033,0.020609,0.00025,0.094059,2.967297,2.41392
1920,1080,960,540,end-to-end,0,39,1,0.237068,0.00257,0.124319,2.491192,0.02389,0.00028,0.087759,2.967078,2.41464
3840,2160,1919,1079,resident,0,10,0,3e-05,0.00195,0.081499,3.783678,0.01512,0.00024,4e-05,3.882557,3.69572
3840,2160,1919,1079,resident,0,11,1,4e-05,0.00197,0.083079,3.804669,0.01523,0.00026,3e-05,3.905278,3.71452
3840,2160,1919,1079,resident,0,12,0,4e-05,0.00192,0.081049,3.826768,0.0152,0.00024,3e-05,3.925247,3.73256
3840,2160,1919,1079,resident,0,13,1,3e-05,0.00199,0.083479,3.846608,0.01648,0.00026,3e-05,3.948877,3.74936
3840,2160,1919,1079,resident,0,14,0,4e-05,0.0022,0.087869,3.864358,0.01495,0.00025,3e-05,3.969697,3.76976
3840,2160,1919,1079,resident,0,15,1,3e-05,0.00215,0.084859,3.887317,0.01597,0.00026,3e-05,3.990616,3.77776
3840,2160,1919,1079,resident,0,16,0,3e-05,0.00206,0.085989,3.880948,0.01629,0.00023,3e-05,3.985577,3.78316
3840,2160,1919,1079,resident,0,17,1,4e-05,0.00195,0.083559,3.887987,0.01578,0.00024,3e-05,3.989586,3.79648
3840,2160,1919,1079,resident,0,18,0,3e-05,0.00195,0.082319,3.877938,0.02548,0.00027,3e-05,3.988017,3.78732
3840,2160,1919,1079,resident,0,19,1,3e-05,0.00214,0.084869,3.879818,0.015829,0.00021,3e-05,3.982926,3.79484
3840,2160,1919,1079,resident,0,20,0,3e-05,0.00932,0.086309,3.874248,0.01525,0.00024,3e-05,3.985427,3.7986
3840,2160,1919,1079,resident,0,21,1,4e-05,0.00202,0.091669,3.874868,0.01509,0.00021,3e-05,3.983927,3.79364
3840,2160,1919,1079,resident,0,22,0,3e-05,0.001909,0.09015,3.880747,0.01522,0.00022,3e-05,3.988306,3.79592
3840,2160,1919,1079,resident,0,23,1,3e-05,0.00201,0.093079,3.888358,0.015659,0.00025,3e-05,3.999416,3.7982
3840,2160,1919,1079,resident,0,24,0,3e-05,0.00201,0.091119,3.880758,0.01536,0.00023,3e-05,3.989537,3.79272
3840,2160,1919,1079,resident,0,25,1,3e-05,0.00197,0.095659,3.876698,0.015229,0.00025,3e-05,3.989866,3.79792
3840,2160,1919,1079,resident,0,26,0,4e-05,0.00194,0.090709,3.879148,0.01567,0.00024,3e-05,3.987777,3.79104
3840,2160,1919,1079,resident,0,27,1,3e-05,0.00216,0.093709,3.891347,0.01567,0.00024,3e-05,4.003186,3.80188
3840,2160,1919,1079,resident,0,28,0,3e-05,0.0021,0.090119,3.882328,0.0152,0.00025,3e-05,3.990057,3.79424
3840,2160,1919,1079,resident,0,29,1,4e-05,0.002,0.091829,3.881707,0.01582,0.00025,3e-05,3.991676,3.79768
3840,2160,1919,1079,resident,0,30,0,3e-05,0.00198,0.082349,3.888748,0.01513,0.00024,4e-05,3.988517,3.79576
3840,2160,1919,1079,resident,0,31,1,3e-05,0.00196,0.083189,3.896397,0.01534,0.00025,3e-05,3.997196,3.801
3840,2160,1919,1079,resident,0,32,0,3e-05,0.00197,0.082289,3.888028,0.01515,0.00024,3e-05,3.987737,3.79148
3840,2160,1919,1079,resident,0,33,1,4e-05,0.00197,0.084439,3.889778,0.015379,0.00025,3e-05,3.991886,3.80036
3840,2160,1919,1079,resident,0,34,0,3e-05,0.00194,0.08354,3.889657,0.0151,0.00022,3e-05,3.990517,3.7984
3840,2160,1919,1079,resident,0,35,1,3e-05,0.00197,0.082829,3.889488,0.015809,0.00025,3e-05,3.990406,3.79732
3840,2160,1919,1079,resident,0,36,0,3e-05,0.00204,0.084379,3.898338,0.01604,0.00027,3e-05,4.001127,3.80696
3840,2160,1919,1079,resident,0,37,1,3e-05,0.00194,0.084109,3.884047,0.01502,0.00025,4e-05,3.985436,3.79628
3840,2160,1919,1079,resident,0,38,0,3e-05,0.00191,0.083629,3.889938,0.01525,0.00023,3e-05,3.991017,3.79972
3840,2160,1919,1079,resident,0,39,1,4e-05,0.002,0.083649,3.885387,0.01521,0.00022,3e-05,3.986536,3.79668
3840,2160,1919,1079,end-to-end,0,10,0,1.650312,0.00228,0.090809,9.774953,0.01822,0.00028,0.411046,11.9479,9.5772
3840,2160,1919,1079,end-to-end,0,11,1,1.614972,0.00264,0.091459,9.774744,0.018879,0.00031,0.401446,11.90445,9.57412
3840,2160,1919,1079,end-to-end,0,12,0,1.628242,0.0022,0.090679,9.780304,0.01899,0.00033,0.380606,11.901351,9.57676
3840,2160,1919,1079,end-to-end,0,13,1,1.598902,0.00255,0.092649,9.773124,0.018819,0.00026,0.378836,11.86514,9.57884
3840,2160,1919,1079,end-to-end,0,14,0,1.650542,0.00221,0.091859,9.776844,0.018629,0.0003,0.380446,11.92083,9.57544
3840,2160,1919,1079,end-to-end,0,15,1,1.599403,0.00255,0.090669,9.773893,0.01897,0.00029,0.388716,11.874491,9.57752
3840,2160,1919,1079,end-to-end,0,16,0,1.662952,0.00241,0.091659,9.774243,0.01801,0.00028,0.378046,11.9276,9.57112
3840,2160,1919,1079,end-to-end,0,17,1,1.614482,0.00222,0.089589,9.778784,0.01934,0.00025,0.379915,11.88458,9.57476
3840,2160,1919,1079,end-to-end,0,18,0,1.658022,0.00232,0.091209,9.773563,0.01961,0.00033,0.396156,11.94121,9.571
3840,2160,1919,1079,end-to-end,0,19,1,1.580833,0.00229,0.095689,9.771493,0.01963,0.00029,0.392636,11.862861,9.58
3840,2160,1919,1079,end-to-end,0,20,0,1.624622,0.00247,0.094169,9.769534,0.018119,0.0003,0.385636,11.89485,9.57592
3840,2160,1919,1079,end-to-end,0,21,1,1.595133,0.00225,0.088219,9.770683,0.01885,0.00026,0.386886,11.862281,9.57464
3840,2160,1919,1079,end-to-end,0,22,0,1.650152,0.00231,0.088969,9.782263,0.01824,0.00035,0.375696,11.91798,9.58184
3840,2160,1919,1079,end-to-end,0,23,1,1.602473,0.00234,0.089349,9.780153,0.01877,0.0003,0.375526,11.868911,9.581
3840,2160,1919,1079,end-to-end,0,24,0,1.616722,0.00231,0.090239,9.778713,0.01791,0.00031,0.376646,11.88285,9.57656
3840,2160,1919,1079,end-to-end,0,25,1,1.605733,0.00239,0.089299,9.776473,0.01843,0.00029,0.380856,11.873471,9.57348
3840,2160,1919,1079,end-to-end,0,26,0,1.625902,0.00245,0.089249,9.787383,0.02079,0.00035,0.414585,11.940709,9.57252
3840,2160,1919,1079,end-to-end,0,27,1,1.647053,0.00263,0.096039,9.775813,0.02425,0.00028,0.415705,11.96177,9.58296
3840,2160,1919,1079,end-to-end,0,28,0,1.671052,0.00233,0.092269,9.765164,0.018599,0.00037,0.411366,11.96115,9.57044
3840,2160,1919,1079,end-to-end,0,29,1,1.632642,0.00244,0.093669,9.765634,0.01962,0.00041,0.455945,11.97036,9.57312
3840,2160,1919,1079,end-to-end,0,30,0,1.693401,0.00247,0.096159,9.768553,0.01908,0.00038,0.481835,12.061878,9.57456
3840,2160,1919,1079,end-to-end,0,31,1,1.85511,0.0024,0.091709,9.776023,0.02131,0.00051,0.650793,12.397855,9.57252
3840,2160,1919,1079,end-to-end,0,32,0,1.939909,0.00409,0.120158,9.745294,0.03782,0.00047,0.654172,12.501913,9.58388
3840,2160,1919,1079,end-to-end,0,33,1,1.976249,0.00348,0.136769,9.761623,0.0374,0.00035,0.617973,12.533844,9.57488
3840,2160,1919,1079,end-to-end,0,34,0,1.884879,0.00284,0.117729,9.743104,0.035669,0.00028,0.580374,12.364875,9.57624
3840,2160,1919,1079,end-to-end,0,35,1,1.721122,0.00286,0.113178,9.749734,0.03231,0.00029,0.560733,12.180227,9.56996
3840,2160,1919,1079,end-to-end,0,36,0,1.748291,0.0024,0.104579,9.707895,0.025099,0.00028,0.534865,12.123409,9.57584
3840,2160,1919,1079,end-to-end,0,37,1,1.73096,0.00239,0.104009,9.787014,0.02584,0.00028,0.564683,12.215176,9.58112
3840,2160,1919,1079,end-to-end,0,38,0,1.87083,0.00225,0.106819,9.771103,0.02726,0.00027,0.528434,12.306966,9.57312
3840,2160,1919,1079,end-to-end,0,39,1,1.728651,0.0024,0.104039,9.766104,0.02235,0.00029,0.507744,12.131578,9.57284
1919,1079,2561,1441,resident,0,10,0,2e-05,0.00164,0.07216,1.331265,0.016,0.0002,3e-05,1.421315,1.21964
1919,1079,2561,1441,resident,0,11,1,3e-05,0.00191,0.084079,1.306816,0.01364,0.00014,2e-05,1.406635,1.2196
1919,1079,2561,1441,resident,0,12,0,2e-05,0.001509,0.07024,1.331975,0.01603,0.00015,3e-05,1.419954,1.22048
1919,1079,2561,1441,resident,0,13,1,3e-05,0.00192,0.100909,1.293636,0.01604,0.00019,3e-05,1.412755,1.22052
1919,1079,2561,1441,resident,0,14,0,4e-05,0.00192,0.083569,1.301856,0.01319,0.00014,3e-05,1.400745,1.22168
1919,1079,2561,1441,resident,0,15,1,3e-05,0.00158,0.072069,1.320035,0.01328,0.00014,3e-05,1.407164,1.21948
1919,1079,2561,1441,resident,0,16,0,3e-05,0.00163,0.070279,1.326796,0.01569,0.00017,3e-05,1.414625,1.21992
1919,1079,2561,1441,resident,0,17,1,3e-05,0.00192,0.083359,1.304205,0.01276,0.00016,3e-05,1.402464,1.21872
1919,1079,2561,1441,resident,0,18,0,3e-05,0.00159,0.07249,1.334305,0.01607,0.00017,3e-05,1.424685,1.21912
1919,1079,2561,1441,resident,0,19,1,4e-05,0.00203,0.085859,1.302716,0.01288,0.00014,3e-05,1.403695,1.21976
1919,1079,2561,1441,resident,0,20,0,2e-05,0.00161,0.069709,1.328185,0.01612,0.00022,4e-05,1.415904,1.21904
1919,1079,2561,1441,resident,0,21,1,4e-05,0.00228,0.084239,1.296146,0.01327,0.00015,3e-05,1.396155,1.21876
1919,1079,2561,1441,resident,0,22,0,3e-05,0.00152,0.069849,1.326026,0.01543,0.00015,3e-05,1.413035,1.21924
1919,1079,2561,1441,resident,0,23,1,3e-05,0.00194,0.082689,1.304185,0.01521,0.00016,3e-05,1.404244,1.2196
1919,1079,2561,1441,resident,0,24,0,3e-05,0.00193,0.081879,1.299446,0.01313,0.00016,2e-05,1.396595,1.22152
1919,1079,2561,1441,resident,0,25,1,3e-05,0.0016,0.070519,1.321956,0.01558,0.00018,4e-05,1.409905,1.21916
1919,1079,2561,1441,resident,0,26,0,3e-05,0.00184,0.084389,1.296916,0.01311,0.00016,3e-05,1.396475,1.21944
1919,1079,2561,1441,resident,0,27,1,3e-05,0.00157,0.071309,1.325525,0.01538,0.00019,3e-05,1.414034,1.22404
1919,1079,2561,1441,resident,0,28,0,3e-05,0.00189,0.082499,1.305866,0.01532,0.00017,3e-05,1.405805,1.21956
1919,1079,2561,1441,resident,0,29,1,3e-05,0.00189,0.083359,1.298536,0.013339,0.00016,3e-05,1.397344,1.21916
1919,1079,2561,1441,resident,0,30,0,3e-05,0.00158,0.07062,1.325575,0.0159,0.00023,3e-05,1.413965,1.22032
1919,1079,2561,1441,resident,0,31,1,3e-05,0.00197,0.085659,1.297786,0.01367,0.00019,2e-05,1.399325,1.21968
1919,1079,2561,1441,resident,0,32,0,3e-05,0.00164,0.072929,1.340995,0.01989,0.00026,3e-05,1.435774,1.2202
1919,1079,2561,1441,resident,0,33,1,4e-05,0.00259,0.108359,1.312236,0.025819,0.00024,3e-05,1.449314,1.21868
1919,1079,2561,1441,resident,0,34,0,3e-05,0.00216,0.122899,1.309616,0.02275,0.00019,3e-05,1.457675,1.21864
1919,1079,2561,1441,resident,0,35,1,3e-05,0.00497,0.090149,1.299475,0.02019,0.0002,4e-05,1.415054,1.21908
1919,1079,2561,1441,resident,0,36,0,4e-05,0.00532,0.112599,1.285516,0.01769,0.00018,2e-05,1.421365,1.21896
1919,1079,2561,1441,resident,0,37,1,3e-05,0.0017,0.096609,1.287005,0.0201,0.00018,4e-05,1.405664,1.21948
1919,1079,2561,1441,resident,0,38,0,4e-05,0.0019,0.108509,1.301166,0.0193,0.00025,3e-05,1.431195,1.2206
1919,1079,2561,1441,resident,0,39,1,3e-05,0.005169,0.107909,1.292096,0.01765,0.00018,3e-05,1.423064,1.22056
1919,1079,2561,1441,end-to-end,0,10,0,0.323247,0.00223,0.088469,4.852587,0.01625,0.00026,0.830621,6.113664,4.65424
1919,1079,2561,1441,end-to-end,0,11,1,0.340016,0.00225,0.089809,4.858277,0.01676,0.00027,0.789221,6.096603,4.65736
1919,1079,2561,1441,end-to-end,0,12,0,0.321877,0.00256,0.087879,4.848547,0.01646,0.00027,0.779811,6.057404,4.64808
1919,1079,2561,1441,end-to-end,0,13,1,0.334726,0.0022,0.086879,4.834228,0.01672,0.00028,0.786771,6.061804,4.64892
1919,1079,2561,1441,end-to-end,0,14,0,0.326347,0.0025,0.098438,4.841748,0.016259,0.00027,0.763652,6.049214,4.65244
1919,1079,2561,1441,end-to-end,0,15,1,0.332057,0.00251,0.103908,4.845198,0.015899,0.00026,0.763822,6.063654,4.6534
1919,1079,2561,1441,end-to-end,0,16,0,0.327767,0.00278,0.091649,4.853407,0.020929,0.0003,0.756652,6.053484,4.65824
1919,1079,2561,1441,end-to-end,0,17,1,0.359406,0.00254,0.100779,4.860527,0.01499,0.00028,0.760762,6.099284,4.67244
1919,1079,2561,1441,end-to-end,0,18,0,0.340146,0.00295,0.102059,4.895247,0.015729,0.00027,0.748062,6.104463,4.69792
1919,1079,2561,1441,end-to-end,0,19,1,0.354366,0.00223,0.088749,4.877187,0.01571,0.00024,0.755122,6.093604,4.67604
1919,1079,2561,1441,end-to-end,0,20,0,0.327826,0.00232,0.084199,4.862697,0.01605,0.0003,0.757502,6.050894,4.66036
1919,1079,2561,1441,end-to-end,0,21,1,0.352516,0.00226,0.090699,4.861307,0.01634,0.00031,0.759192,6.082624,4.66172
1919,1079,2561,1441,end-to-end,0,22,0,0.320786,0.00282,0.088919,4.861387,0.01611,0.00031,0.746842,6.037174,4.66316
1919,1079,2561,1441,end-to-end,0,23,1,0.331196,0.00237,0.088319,4.857237,0.0161,0.00024,0.830731,6.126193,4.65344
1919,1079,2561,1441,end-to-end,0,24,0,0.353926,0.00297,0.095659,4.853917,0.01635,0.00033,0.797771,6.120923,4.65024
1919,1079,2561,1441,end-to-end,0,25,1,0.366736,0.00237,0.088339,4.831878,0.01614,0.00028,0.84257,6.148313,4.63996
1919,1079,2561,1441,end-to-end,0,26,0,0.370996,0.00241,0.090879,4.858427,0.01692,0.00028,0.809311,6.149223,4.66088
1919,1079,2561,1441,end-to-end,0,27,1,0.400616,0.00267,0.100639,4.879936,0.01604,0.00027,0.831001,6.231172,4.69036
1919,1079,2561,1441,end-to-end,0,28,0,0.378806,0.00251,0.088559,4.909687,0.01556,0.00026,0.807011,6.202393,4.70648
1919,1079,2561,1441,end-to-end,0,29,1,0.371476,0.00213,0.085379,4.852597,0.01541,0.00029,0.789481,6.116763,4.65328
1919,1079,2561,1441,end-to-end,0,30,0,0.352376,0.00241,0.085899,4.858938,0.016129,0.00027,0.795982,6.112004,4.65768
1919,1079,2561,1441,end-to-end,0,31,1,0.371305,0.00256,0.089089,4.849488,0.015689,0.00028,0.775192,6.103603,4.64996
1919,1079,2561,1441,end-to-end,0,32,0,0.349606,0.00201,0.086449,4.836377,0.01723,0.00026,0.760512,6.052444,4.65276
1919,1079,2561,1441,end-to-end,0,33,1,0.358156,0.00192,0.093409,4.842687,0.0168,0.00027,0.766232,6.079474,4.65236
1919,1079,2561,1441,end-to-end,0,34,0,0.362016,0.00224,0.088889,4.857577,0.02369,0.00029,0.768081,6.102783,4.65824
1919,1079,2561,1441,end-to-end,0,35,1,0.374716,0.00251,0.101499,4.874127,0.01613,0.00026,0.758912,6.128154,4.68792
1919,1079,2561,1441,end-to-end,0,36,0,0.364006,0.00271,0.093339,4.911426,0.01594,0.00027,0.763131,6.150822,4.70948
1919,1079,2561,1441,end-to-end,0,37,1,0.366546,0.00205,0.087649,4.876617,0.01896,0.00029,0.813561,6.165673,4.6664
1919,1079,2561,1441,end-to-end,0,38,0,0.365716,0.00291,0.106199,4.846347,0.01669,0.00029,0.781822,6.119974,4.65784
1919,1079,2561,1441,end-to-end,0,39,1,0.360806,0.00223,0.091169,4.850537,0.01668,0.00031,0.773351,6.095083,4.65324
1280,720,2560,1440,end-to-end,1,10,0,0.151068,0.00297,0.111159,3.575911,0.01784,0.00023,0.609443,4.468621,3.49516
1280,720,2560,1440,end-to-end,1,11,1,0.174548,0.00241,0.113529,3.581091,0.01836,0.00025,0.624013,4.514201,3.50136
1280,720,2560,1440,end-to-end,1,12,0,0.235707,0.00577,0.140649,3.579111,0.01809,0.00041,1.228846,5.208583,3.49964
1280,720,2560,1440,end-to-end,1,13,1,0.246698,0.00289,0.094649,3.700799,0.01709,0.00029,1.212207,5.274623,3.51916
1280,720,2560,1440,end-to-end,1,14,0,0.219757,0.00248,0.092209,3.72333,0.01694,0.00025,1.168897,5.223863,3.52388
1280,720,2560,1440,end-to-end,1,15,1,0.216168,0.00231,0.090259,3.712679,0.0162,0.00024,1.099958,5.137814,3.51432
1280,720,2560,1440,end-to-end,1,16,0,0.222718,0.00235,0.101848,3.71353,0.02113,0.000239,1.107069,5.168884,3.51392
1280,720,2560,1440,end-to-end,1,17,1,0.215527,0.00262,0.089739,3.71926,0.01625,0.00025,0.994699,5.038345,3.5118
1280,720,2560,1440,end-to-end,1,18,0,0.185268,0.00242,0.101538,3.624771,0.01602,0.00025,0.850611,4.780878,3.5088
1280,720,2560,1440,end-to-end,1,19,1,0.180568,0.00226,0.092899,3.746629,0.01614,0.00023,0.790881,4.829607,3.5032
1280,720,2560,1440,end-to-end,1,20,0,0.156818,0.00227,0.086139,3.584911,0.01568,0.00023,0.762112,4.60816,3.49956
1280,720,2560,1440,end-to-end,1,21,1,0.155818,0.00211,0.086039,3.588431,0.01588,0.00023,0.749362,4.59787,3.50064
1280,720,2560,1440,end-to-end,1,22,0,0.163588,0.00253,0.103019,3.567741,0.0158,0.00026,0.736772,4.58971,3.49708
1280,720,2560,1440,end-to-end,1,23,1,0.150178,0.00219,0.085619,3.587841,0.01598,0.00026,0.714632,4.5567,3.5006
1280,720,2560,1440,end-to-end,1,24,0,0.157208,0.00255,0.102639,3.578271,0.01605,0.00026,0.799631,4.656609,3.50212
1280,720,2560,1440,end-to-end,1,25,1,0.174778,0.00361,0.100829,3.574031,0.0171,0.00024,0.741992,4.61258,3.49792
1280,720,2560,1440,end-to-end,1,26,0,0.145178,0.00237,0.092079,3.579541,0.01607,0.00027,0.656333,4.491841,3.49824
1280,720,2560,1440,end-to-end,1,27,1,0.128338,0.00259,0.101289,3.576381,0.01678,0.00024,0.619644,4.445262,3.50184
1280,720,2560,1440,end-to-end,1,28,0,0.126458,0.00213,0.085719,3.574781,0.02045,0.00024,0.620323,4.430101,3.50012
1280,720,2560,1440,end-to-end,1,29,1,0.125009,0.00261,0.099999,3.578951,0.01527,0.00024,0.608283,4.430362,3.50704
1280,720,2560,1440,end-to-end,1,30,0,0.125859,0.00237,0.099819,3.57048,0.01578,0.00024,0.595754,4.410302,3.49928
1280,720,2560,1440,end-to-end,1,31,1,0.112209,0.0022,0.086679,3.573181,0.01589,0.00024,0.595343,4.385742,3.49816
1280,720,2560,1440,end-to-end,1,32,0,0.123259,0.00245,0.108539,3.571491,0.01542,0.00024,0.596273,4.417672,3.50004
1280,720,2560,1440,end-to-end,1,33,1,0.112869,0.00219,0.086729,3.575021,0.01548,0.00024,0.587053,4.379582,3.50196
1280,720,2560,1440,end-to-end,1,34,0,0.121709,0.00248,0.099399,3.573101,0.01553,0.00024,0.593053,4.405512,3.5012
1280,720,2560,1440,end-to-end,1,35,1,0.119339,0.00253,0.098169,3.572641,0.01544,0.00023,0.581953,4.390302,3.49988
1280,720,2560,1440,end-to-end,1,36,0,0.110439,0.00205,0.084399,3.570031,0.01565,0.00023,0.606984,4.389783,3.4992
1280,720,2560,1440,end-to-end,1,37,1,0.125978,0.00254,0.117959,3.574811,0.01591,0.00025,0.609483,4.446931,3.502
1280,720,2560,1440,end-to-end,1,38,0,0.112749,0.00226,0.086969,3.591301,0.01613,0.00025,0.590113,4.399772,3.50984
1280,720,2560,1440,end-to-end,1,39,1,0.119199,0.00253,0.099319,3.571441,0.01599,0.00025,0.605293,4.414022,3.49912
1280,720,2560,1440,resident,1,10,0,4e-05,0.00238,0.075139,0.8779,0.01922,0.00024,3e-05,0.974949,0.77056
1280,720,2560,1440,resident,1,11,1,3e-05,0.00207,0.089399,0.843471,0.01465,0.00025,2e-05,0.94989,0.75876
1280,720,2560,1440,resident,1,12,0,4e-05,0.00236,0.074749,0.850941,0.018899,0.00029,3e-05,0.947309,0.74716
1280,720,2560,1440,resident,1,13,1,4e-05,0.002,0.089589,0.826352,0.014749,0.00022,3e-05,0.93298,0.74628
1280,720,2560,1440,resident,1,14,0,4e-05,0.0024,0.07557,0.84476,0.01908,0.00027,3e-05,0.94215,0.74172
1280,720,2560,1440,resident,1,15,1,4e-05,0.002,0.090469,0.820871,0.01476,0.00024,3e-05,0.92841,0.74356
1280,720,2560,1440,resident,1,16,0,2e-05,0.00224,0.073599,0.846741,0.01658,0.00025,2e-05,0.93945,0.74452
1280,720,2560,1440,resident,1,17,1,3e-05,0.00189,0.082069,0.838561,0.01458,0.00024,2e-05,0.93739,0.74528
1280,720,2560,1440,resident,1,18,0,4e-05,0.00241,0.073819,0.84061,0.01553,0.00022,3e-05,0.932659,0.74364
1280,720,2560,1440,resident,1,19,1,3e-05,0.0019,0.089889,0.838851,0.01843,0.00028,3e-05,0.94941,0.74528
1280,720,2560,1440,resident,1,20,0,4e-05,0.00252,0.088889,0.820141,0.01592,0.00023,2e-05,0.92776,0.7444
1280,720,2560,1440,resident,1,21,1,3e-05,0.0017,0.079509,0.837241,0.01401,0.00022,4e-05,0.93275,0.74604
1280,720,2560,1440,resident,1,22,0,3e-05,0.0022,0.074149,0.839541,0.068359,0.00072,3e-05,0.985029,0.74532
1280,720,2560,1440,resident,1,23,1,7e-05,0.00331,0.123289,0.830461,0.01911,0.00029,3e-05,0.97656,0.74484
1280,720,2560,1440,resident,1,24,0,4e-05,0.002119,0.096099,0.815291,0.01577,0.00026,3e-05,0.929609,0.74232
1280,720,2560,1440,resident,1,25,1,3e-05,0.00195,0.093719,0.810831,0.01491,0.00023,3e-05,0.9217,0.74212
1280,720,2560,1440,resident,1,26,0,3e-05,0.00162,0.076089,0.843761,0.01729,0.00025,4e-05,0.93908,0.74564
1280,720,2560,1440,resident,1,27,1,3e-05,0.0019,0.091609,0.816301,0.01546,0.00023,3e-05,0.92556,0.74368
1280,720,2560,1440,resident,1,28,0,3e-05,0.00188,0.079219,0.828971,0.01429,0.00025,3e-05,0.92467,0.7426
1280,720,2560,1440,resident,1,29,1,3e-05,0.00171,0.077199,0.841991,0.017359,0.00025,4e-05,0.938579,0.74272
1280,720,2560,1440,resident,1,30,0,4e-05,0.00188,0.085379,0.826811,0.01533,0.00026,2e-05,0.92972,0.74336
1280,720,2560,1440,resident,1,31,1,3e-05,0.00195,0.080599,0.830721,0.01461,0.00022,3e-05,0.92816,0.74568
1280,720,2560,1440,resident,1,32,0,2e-05,0.00166,0.07545,0.84655,0.01697,0.00027,3e-05,0.94095,0.74612
1280,720,2560,1440,resident,1,33,1,3e-05,0.0019,0.087649,0.826381,0.01564,0.00024,2e-05,0.93186,0.74412
1280,720,2560,1440,resident,1,34,0,3e-05,0.00171,0.075979,0.828361,0.01463,0.0002,2e-05,0.92093,0.74168
1280,720,2560,1440,resident,1,35,1,3e-05,0.00162,0.077329,0.833701,0.01499,0.00023,3e-05,0.92793,0.7428
1280,720,2560,1440,resident,1,36,0,2e-05,0.00161,0.093949,0.826631,0.017999,0.00031,3e-05,0.940549,0.74328
1280,720,2560,1440,resident,1,37,1,4e-05,0.00202,0.091299,0.811442,0.014569,0.00023,3e-05,0.91963,0.74392
1280,720,2560,1440,resident,1,38,0,3e-05,0.00173,0.07506,0.836001,0.01435,0.00018,3e-05,0.927381,0.74224
1280,720,2560,1440,resident,1,39,1,3e-05,0.00154,0.153048,0.823521,0.020809,0.00025,3e-05,0.999228,0.7448
1920,1080,960,540,end-to-end,1,10,0,0.273987,0.00251,0.106319,2.492132,0.01909,0.00029,0.088919,2.983247,2.41572
1920,1080,960,540,end-to-end,1,11,1,0.277667,0.00266,0.108829,2.488483,0.01881,0.00026,0.086999,2.983708,2.41368
1920,1080,960,540,end-to-end,1,12,0,0.275687,0.00254,0.106079,2.489362,0.01964,0.00029,0.087909,2.981507,2.41444
1920,1080,960,540,end-to-end,1,13,1,0.275417,0.00256,0.106339,2.490173,0.01938,0.00028,0.087129,2.981278,2.41408
1920,1080,960,540,end-to-end,1,14,0,0.274027,0.00246,0.107249,2.489323,0.019179,0.00028,0.088369,2.980887,2.4142
1920,1080,960,540,end-to-end,1,15,1,0.275047,0.00254,0.106289,2.494923,0.01874,0.00025,0.103789,3.001578,2.41444
1920,1080,960,540,end-to-end,1,16,0,0.291487,0.00329,0.111468,2.491963,0.02047,0.00028,0.096679,3.015637,2.41436
1920,1080,960,540,end-to-end,1,17,1,0.291577,0.00268,0.111258,2.488043,0.01937,0.00025,0.089769,3.002947,2.41328
1920,1080,960,540,end-to-end,1,18,0,0.290587,0.00243,0.108808,2.490963,0.02164,0.00032,0.089579,3.004327,2.41812
1920,1080,960,540,end-to-end,1,19,1,0.277137,0.00255,0.106019,2.493903,0.01866,0.00028,0.095169,2.993718,2.41908
1920,1080,960,540,end-to-end,1,20,0,0.296836,0.00247,0.113879,2.493133,0.01901,0.00028,0.092249,3.017857,2.41816
1920,1080,960,540,end-to-end,1,21,1,0.278377,0.00255,0.107098,2.486044,0.020859,0.00028,0.092329,2.987537,2.4132
1920,1080,960,540,end-to-end,1,22,0,0.279057,0.00245,0.107049,2.514043,0.025519,0.00029,0.08094,3.009348,2.41604
1920,1080,960,540,end-to-end,1,23,1,0.278146,0.00266,0.108769,2.491473,0.02335,0.00029,0.091119,2.995807,2.41456
1920,1080,960,540,end-to-end,1,24,0,0.279767,0.00257,0.107238,2.492093,0.01959,0.00029,0.093039,2.994587,2.41796
1920,1080,960,540,end-to-end,1,25,1,0.277597,0.0025,0.107689,2.489163,0.018959,0.00028,0.092239,2.988427,2.41388
1920,1080,960,540,end-to-end,1,26,0,0.285897,0.00254,0.107319,2.488643,0.01946,0.00029,0.098439,3.002588,2.41392
1920,1080,960,540,end-to-end,1,27,1,0.277627,0.00253,0.107199,2.492552,0.01937,0.0003,0.095389,2.994967,2.41484
1920,1080,960,540,end-to-end,1,28,0,0.283407,0.0027,0.108449,2.488893,0.01842,0.00029,0.093959,2.996118,2.41328
1920,1080,960,540,end-to-end,1,29,1,0.278547,0.00258,0.108398,2.489063,0.02025,0.0003,0.092329,2.991467,2.4146
1920,1080,960,540,end-to-end,1,30,0,0.279007,0.00259,0.107389,2.488563,0.019379,0.0003,0.092089,2.989317,2.41332
1920,1080,960,540,end-to-end,1,31,1,0.278317,0.0025,0.107679,2.488133,0.01885,0.00027,0.093389,2.989138,2.413
1920,1080,960,540,end-to-end,1,32,0,0.277437,0.00247,0.107879,2.490153,0.019859,0.00031,0.093899,2.992007,2.41344
1920,1080,960,540,end-to-end,1,33,1,0.278397,0.00254,0.107619,2.488073,0.01883,0.00031,0.092389,2.988158,2.41292
1920,1080,960,540,end-to-end,1,34,0,0.282456,0.00254,0.106619,2.487183,0.02124,0.00031,0.096719,2.997067,2.41408
1920,1080,960,540,end-to-end,1,35,1,0.277827,0.00264,0.107149,2.487323,0.01854,0.00029,0.091148,2.984917,2.41292
1920,1080,960,540,end-to-end,1,36,0,0.277797,0.00258,0.107319,2.492513,0.01951,0.00029,0.095089,2.995098,2.41404
1920,1080,960,540,end-to-end,1,37,1,0.277027,0.00317,0.109829,2.489333,0.019359,0.00029,0.094229,2.993237,2.41392
1920,1080,960,540,end-to-end,1,38,0,0.279487,0.00263,0.109059,2.491623,0.01929,0.00028,0.093749,2.996118,2.41488
1920,1080,960,540,end-to-end,1,39,1,0.280237,0.00258,0.106998,2.486393,0.01826,0.0003,0.092829,2.987597,2.4124
1920,1080,960,540,resident,1,10,0,3e-05,0.0016,0.069899,1.045289,0.01573,0.00026,3e-05,1.132838,0.93348
1920,1080,960,540,resident,1,11,1,3e-05,0.00189,0.083239,1.019729,0.01355,0.00021,3e-05,1.118678,0.93292
1920,1080,960,540,resident,1,12,0,2e-05,0.0017,0.071889,1.039609,0.013979,0.00022,2e-05,1.127437,0.93412
1920,1080,960,540,resident,1,13,1,3e-05,0.00166,0.07146,1.048408,0.01574,0.00026,3e-05,1.137588,0.93424
1920,1080,960,540,resident,1,14,0,3e-05,0.00191,0.100579,1.002899,0.01357,0.00023,3e-05,1.119248,0.9338
1920,1080,960,540,resident,1,15,1,3e-05,0.00159,0.071859,1.043939,0.01587,0.00024,3e-05,1.133558,0.93248
1920,1080,960,540,resident,1,16,0,3e-05,0.0019,0.082369,1.027408,0.01462,0.00022,2e-05,1.126567,0.93424
1920,1080,960,540,resident,1,17,1,4e-05,0.00165,0.07143,1.038428,0.0156,0.00025,3e-05,1.127428,0.93364
1920,1080,960,540,resident,1,18,0,3e-05,0.00181,0.082369,1.020339,0.01348,0.00022,3e-05,1.118278,0.93268
1920,1080,960,540,resident,1,19,1,3e-05,0.00156,0.072129,1.042948,0.01554,0.00025,4e-05,1.132497,0.9342
1920,1080,960,540,resident,1,20,0,3e-05,0.00193,0.082479,1.019769,0.01318,0.00021,3e-05,1.117628,0.9338
1920,1080,960,540,resident,1,21,1,3e-05,0.00159,0.07163,1.044148,0.01555,0.00025,3e-05,1.133228,0.9344
1920,1080,960,540,resident,1,22,0,3e-05,0.00187,0.091379,1.020559,0.01545,0.00026,3e-05,1.129578,0.93404
1920,1080,960,540,resident,1,23,1,3e-05,0.00187,0.083019,1.022049,0.015469,0.00027,3e-05,1.122737,0.93436
1920,1080,960,540,resident,1,24,0,4e-05,0.00201,0.082239,1.023539,0.01506,0.00024,2e-05,1.123148,0.93388
1920,1080,960,540,resident,1,25,1,3e-05,0.00185,0.070669,1.036119,0.01584,0.00027,3e-05,1.124808,0.93424
1920,1080,960,540,resident,1,26,0,4e-05,0.00185,0.081419,1.012149,0.01323,0.00022,2e-05,1.108928,0.93352
1920,1080,960,540,resident,1,27,1,3e-05,0.0016,0.071459,1.033969,0.015329,0.00028,3e-05,1.122697,0.9332
1920,1080,960,540,resident,1,28,0,4e-05,0.00188,0.0818,1.009709,0.01311,0.00023,2e-05,1.106789,0.932
1920,1080,960,540,resident,1,29,1,3e-05,0.00157,0.070589,1.035638,0.01612,0.00025,4e-05,1.124237,0.93148
1920,1080,960,540,resident,1,30,0,3e-05,0.00203,0.093499,1.003699,0.01306,0.00023,2e-05,1.112568,0.93356
1920,1080,960,540,resident,1,31,1,3e-05,0.00159,0.071649,1.031229,0.01554,0.00024,3e-05,1.120308,0.93256
1920,1080,960,540,resident,1,32,0,3e-05,0.00193,0.082719,1.024119,0.01617,0.00027,3e-05,1.125268,0.93424
1920,1080,960,540,resident,1,33,1,3e-05,0.00217,0.080769,1.012919,0.012989,0.00019,3e-05,1.109097,0.93384
1920,1080,960,540,resident,1,34,0,2e-05,0.00155,0.07161,1.039128,0.01584,0.00026,3e-05,1.128438,0.93516
1920,1080,960,540,resident,1,35,1,4e-05,0.00193,0.083419,1.010539,0.01459,0.00022,3e-05,1.110768,0.93264
1920,1080,960,540,resident,1,36,0,3e-05,0.00163,0.070639,1.036849,0.01579,0.00026,3e-05,1.125228,0.93332
1920,1080,960,540,resident,1,37,1,3e-05,0.00194,0.083249,1.455194,0.0136,0.00022,3e-05,1.554263,0.93384
1920,1080,960,540,resident,1,38,0,3e-05,0.0016,0.071409,0.999829,0.01359,0.00022,3e-05,1.086708,0.933
1920,1080,960,540,resident,1,39,1,3e-05,0.00168,0.072779,1.043059,0.01539,0.00026,3e-05,1.133228,0.93964
3840,2160,1919,1079,end-to-end,1,10,0,1.665272,0.00265,0.092369,9.778884,0.01792,0.00028,0.321376,11.878751,9.5784
3840,2160,1919,1079,end-to-end,1,11,1,1.648432,0.00253,0.091599,9.769333,0.01864,0.00029,0.380926,11.91175,9.56844
3840,2160,1919,1079,end-to-end,1,12,0,1.638062,0.00261,0.104509,9.760714,0.018589,0.00031,0.344417,11.869211,9.57736
3840,2160,1919,1079,end-to-end,1,13,1,1.599582,0.00286,0.090109,9.777194,0.01922,0.00025,0.370986,11.860201,9.57676
3840,2160,1919,1079,end-to-end,1,14,0,1.652391,0.00252,0.091089,9.780424,0.01825,0.00031,0.332746,11.87773,9.5768
3840,2160,1919,1079,end-to-end,1,15,1,1.602343,0.00236,0.090759,9.774723,0.01883,0.00028,0.344046,11.833341,9.57656
3840,2160,1919,1079,end-to-end,1,16,0,1.654622,0.00235,0.088519,9.782263,0.02071,0.00027,0.333397,11.882131,9.57604
3840,2160,1919,1079,end-to-end,1,17,1,1.603662,0.00229,0.089379,9.768944,0.018509,0.00028,0.340027,11.823091,9.5702
3840,2160,1919,1079,end-to-end,1,18,0,1.654602,0.00231,0.088439,9.770253,0.02538,0.00027,0.341206,11.88246,9.5706
3840,2160,1919,1079,end-to-end,1,19,1,1.592893,0.00264,0.100619,9.763724,0.018819,0.00025,0.352446,11.831391,9.58224
3840,2160,1919,1079,end-to-end,1,20,0,1.637902,0.00246,0.08719,9.775413,0.01787,0.00029,0.350166,11.871291,9.57284
3840,2160,1919,1079,end-to-end,1,21,1,1.584923,0.00232,0.088789,9.773063,0.01868,0.00028,0.368826,11.836881,9.5728
3840,2160,1919,1079,end-to-end,1,22,0,1.748161,0.00276,0.093039,9.770123,0.01708,0.00034,0.364936,11.996439,9.57084
3840,2160,1919,1079,end-to-end,1,23,1,1.668582,0.0026,0.093999,9.781293,0.01855,0.00027,0.367166,11.93246,9.58444
3840,2160,1919,1079,end-to-end,1,24,0,1.678442,0.00239,0.087729,9.783124,0.019689,0.00041,0.364276,11.93606,9.5738
3840,2160,1919,1079,end-to-end,1,25,1,1.659812,0.00231,0.090229,9.705144,0.01797,0.00027,0.367076,11.842811,9.57716
3840,2160,1919,1079,end-to-end,1,26,0,1.686312,0.00257,0.089529,9.781043,0.01996,0.00026,0.370986,11.95066,9.57404
3840,2160,1919,1079,end-to-end,1,27,1,1.625912,0.00265,0.089499,9.770324,0.018279,0.00027,0.362317,11.869251,9.57744
3840,2160,1919,1079,end-to-end,1,28,0,1.667922,0.00269,0.089509,9.773283,0.01812,0.00031,0.379826,11.93166,9.57224
3840,2160,1919,1079,end-to-end,1,29,1,1.636862,0.00669,0.092479,9.774613,0.0185,0.00028,0.372006,11.90143,9.57628
3840,2160,1919,1079,end-to-end,1,30,0,1.639502,0.00233,0.086819,9.769054,0.01788,0.00027,0.373406,11.889261,9.57048
3840,2160,1919,1079,end-to-end,1,31,1,1.601252,0.00232,0.088489,9.779714,0.018059,0.00026,0.352007,11.842101,9.5836
3840,2160,1919,1079,end-to-end,1,32,0,1.640092,0.00224,0.088959,9.771613,0.0186,0.00031,0.350106,11.87192,9.57312
3840,2160,1919,1079,end-to-end,1,33,1,1.599343,0.00219,0.089319,9.772033,0.01902,0.00027,0.357226,11.839401,9.56936
3840,2160,1919,1079,end-to-end,1,34,0,1.642922,0.00265,0.090909,9.772674,0.017589,0.00027,0.351857,11.878871,9.57268
3840,2160,1919,1079,end-to-end,1,35,1,1.616272,0.00221,0.088959,9.815583,0.01879,0.00027,0.351586,11.89367,9.57664
3840,2160,1919,1079,end-to-end,1,36,0,1.624702,0.00235,0.086419,9.777984,0.01914,0.00026,0.368116,11.878971,9.57556
3840,2160,1919,1079,end-to-end,1,37,1,1.592422,0.00241,0.106019,9.754264,0.01885,0.00026,0.370386,11.844611,9.57616
3840,2160,1919,1079,end-to-end,1,38,0,1.616022,0.00248,0.088899,9.770683,0.01972,0.00028,0.380066,11.87815,9.57132
3840,2160,1919,1079,end-to-end,1,39,1,1.587063,0.0024,0.088739,9.775953,0.01879,0.00026,0.366416,11.839621,9.57928
3840,2160,1919,1079,resident,1,10,0,3e-05,0.00194,0.081959,3.780229,0.01518,0.00024,3e-05,3.879608,3.69492
3840,2160,1919,1079,resident,1,11,1,3e-05,0.00201,0.082979,3.820738,0.01574,0.00026,3e-05,3.921787,3.71784
3840,2160,1919,1079,resident,1,12,0,3e-05,0.0021,0.085739,3.821168,0.01545,0.00026,3e-05,3.924777,3.73652
3840,2160,1919,1079,resident,1,13,1,3e-05,0.00192,0.083209,3.852358,0.01544,0.00029,4e-05,3.953287,3.76128
3840,2160,1919,1079,resident,1,14,0,3e-05,0.00191,0.083709,3.859628,0.01521,0.00025,3e-05,3.960767,3.76932
3840,2160,1919,1079,resident,1,15,1,3e-05,0.00197,0.082999,3.875568,0.01554,0.00027,3e-05,3.976407,3.7784
3840,2160,1919,1079,resident,1,16,0,4e-05,0.00203,0.084049,3.877948,0.016119,0.00026,3e-05,3.980476,3.77984
3840,2160,1919,1079,resident,1,17,1,3e-05,0.00192,0.083809,3.862288,0.02167,0.00025,3e-05,3.969997,3.79084
3840,2160,1919,1079,resident,1,18,0,3e-05,0.002,0.083889,3.873598,0.01549,0.00027,3e-05,3.975307,3.7898
3840,2160,1919,1079,resident,1,19,1,3e-05,0.00195,0.089899,3.875527,0.01522,0.00026,3e-05,3.982916,3.79352
3840,2160,1919,1079,resident,1,20,0,4e-05,0.00206,0.090179,3.884518,0.01662,0.00026,3e-05,3.993707,3.79724
3840,2160,1919,1079,resident,1,21,1,4e-05,0.00224,0.094539,3.875088,0.015349,0.00021,3e-05,3.987496,3.79932
3840,2160,1919,1079,resident,1,22,0,3e-05,0.00207,0.089549,3.880618,0.01515,0.00026,3e-05,3.987707,3.7958
3840,2160,1919,1079,resident,1,23,1,4e-05,0.00193,0.088709,3.890188,0.015339,0.00027,4e-05,3.996516,3.79876
3840,2160,1919,1079,resident,1,24,0,3e-05,0.00195,0.093379,3.879148,0.01525,0.00027,3e-05,3.990057,3.7912
3840,2160,1919,1079,resident,1,25,1,3e-05,0.00198,0.088799,3.881158,0.015399,0.00026,3e-05,3.987656,3.79588
3840,2160,1919,1079,resident,1,26,0,4e-05,0.00196,0.083149,3.893008,0.01527,0.00024,4e-05,3.993707,3.80364
3840,2160,1919,1079,resident,1,27,1,3e-05,0.00196,0.082099,3.885677,0.01522,0.00032,3e-05,3.985336,3.7956
3840,2160,1919,1079,resident,1,28,0,3e-05,0.00188,0.082269,3.882458,0.01529,0.00022,3e-05,3.982177,3.79376
3840,2160,1919,1079,resident,1,29,1,4e-05,0.00188,0.084449,3.886668,0.015339,0.00023,3e-05,3.988636,3.79996
3840,2160,1919,1079,resident,1,30,0,3e-05,0.0019,0.083619,3.889038,0.01544,0.00025,3e-05,3.990307,3.8002
3840,2160,1919,1079,resident,1,31,1,3e-05,0.00195,0.082569,3.891328,0.01597,0.00026,3e-05,3.992137,3.79916
3840,2160,1919,1079,resident,1,32,0,4e-05,0.00214,0.086619,3.885067,0.01549,0.00024,3e-05,3.989626,3.79964
3840,2160,1919,1079,resident,1,33,1,3e-05,0.00193,0.082349,3.890218,0.01509,0.0003,3e-05,3.989947,3.79932
3840,2160,1919,1079,resident,1,34,0,3e-05,0.00193,0.083579,3.887817,0.01586,0.00029,3e-05,3.989536,3.79604
3840,2160,1919,1079,resident,1,35,1,3e-05,0.00223,0.086229,3.887648,0.01635,0.00027,3e-05,3.992787,3.79436
3840,2160,1919,1079,resident,1,36,0,4e-05,0.0022,0.088859,3.877218,0.015419,0.00025,3e-05,3.984016,3.79772
3840,2160,1919,1079,resident,1,37,1,3e-05,0.00196,0.08261,3.888077,0.01543,0.00027,3e-05,3.988407,3.79792
3840,2160,1919,1079,resident,1,38,0,3e-05,0.00199,0.083049,3.885278,0.015259,0.00023,3e-05,3.985866,3.79868
3840,2160,1919,1079,resident,1,39,1,3e-05,0.00202,0.0839,3.893517,0.01534,0.00027,3e-05,3.995107,3.80056
1919,1079,2561,1441,end-to-end,1,10,0,0.412656,0.0021,0.085189,4.906806,0.01602,0.00025,0.622483,6.045504,4.66904
1919,1079,2561,1441,end-to-end,1,11,1,0.381586,0.00216,0.087419,4.751988,0.01593,0.00024,0.625713,5.865036,4.66492
1919,1079,2561,1441,end-to-end,1,12,0,0.398406,0.00196,0.085649,4.750618,0.01673,0.0003,0.619123,5.872786,4.66536
1919,1079,2561,1441,end-to-end,1,13,1,0.385086,0.00251,0.092649,4.765498,0.01682,0.00025,0.626293,5.889106,4.68408
1919,1079,2561,1441,end-to-end,1,14,0,0.397276,0.00255,0.102039,4.746668,0.01638,0.00027,0.628173,5.893356,4.6618
1919,1079,2561,1441,end-to-end,1,15,1,0.373826,0.0024,0.101839,4.723398,0.01608,0.00026,0.628413,5.846216,4.64308
1919,1079,2561,1441,end-to-end,1,16,0,0.350756,0.00203,0.086239,4.734729,0.01645,0.00028,0.674942,5.865426,4.6466
1919,1079,2561,1441,end-to-end,1,17,1,0.349507,0.00245,0.090089,4.733658,0.01589,0.00027,0.661583,5.853447,4.65344
1919,1079,2561,1441,end-to-end,1,18,0,0.359036,0.00213,0.085909,4.748208,0.01604,0.00026,0.662313,5.873896,4.66176
1919,1079,2561,1441,end-to-end,1,19,1,0.345716,0.00221,0.085309,4.754878,0.01707,0.00024,0.657883,5.863306,4.66728
1919,1079,2561,1441,end-to-end,1,20,0,0.373266,0.00234,0.092759,4.924706,0.01573,0.00027,0.670433,6.079504,4.68152
1919,1079,2561,1441,end-to-end,1,21,1,0.351746,0.0023,0.086919,4.748328,0.01606,0.00028,0.651463,5.857096,4.66116
1919,1079,2561,1441,end-to-end,1,22,0,0.374976,0.00229,0.086449,4.786667,0.0153,0.00026,0.674783,5.940725,4.6836
1919,1079,2561,1441,end-to-end,1,23,1,0.363576,0.0026,0.101289,4.933296,0.01577,0.00027,0.650153,6.066954,4.71008
1919,1079,2561,1441,end-to-end,1,24,0,0.365356,0.00228,0.086039,4.757768,0.01635,0.00026,0.645873,5.873926,4.67296
1919,1079,2561,1441,end-to-end,1,25,1,0.345566,0.00281,0.100279,4.725999,0.015879,0.00025,0.659223,5.850006,4.6474
1919,1079,2561,1441,end-to-end,1,26,0,0.341236,0.00254,0.112269,4.725159,0.01576,0.00024,0.655572,5.852776,4.6486
1919,1079,2561,1441,end-to-end,1,27,1,0.322917,0.00214,0.086769,4.732668,0.01604,0.00033,0.675693,5.836557,4.64872
1919,1079,2561,1441,end-to-end,1,28,0,0.327136,0.0022,0.610873,4.865887,0.02234,0.00027,0.680803,6.509509,4.68228
1919,1079,2561,1441,end-to-end,1,29,1,0.358656,0.00283,0.109299,4.907776,0.01666,0.00026,0.668123,6.063604,4.70172
1919,1079,2561,1441,end-to-end,1,30,0,0.356126,0.00249,0.092469,4.761618,0.01635,0.00026,0.678812,5.908125,4.6714
1919,1079,2561,1441,end-to-end,1,31,1,0.345067,0.00259,0.101418,4.752809,0.017129,0.00027,0.665473,5.884756,4.66016
1919,1079,2561,1441,end-to-end,1,32,0,0.342847,0.00264,0.103818,4.804178,0.01582,0.00025,0.684023,5.953576,4.66424
1919,1079,2561,1441,end-to-end,1,33,1,0.333816,0.0032,0.110939,4.734608,0.01589,0.00028,0.665722,5.864455,4.65556
1919,1079,2561,1441,end-to-end,1,34,0,0.323847,0.00211,0.086439,4.737498,0.01631,0.00027,0.706482,5.872956,4.65192
1919,1079,2561,1441,end-to-end,1,35,1,0.333067,0.00243,0.089919,4.899837,0.017319,0.00023,0.714023,6.056825,4.65392
1919,1079,2561,1441,end-to-end,1,36,0,0.333206,0.00254,0.094949,4.880667,0.01776,0.00032,0.780181,6.109623,4.6514
1919,1079,2561,1441,end-to-end,1,37,1,0.359836,0.00292,0.101599,4.849047,0.01661,0.00028,0.740472,6.070764,4.65888
1919,1079,2561,1441,end-to-end,1,38,0,0.359056,0.00227,0.096039,4.857227,0.01649,0.00032,0.746612,6.078014,4.661
1919,1079,2561,1441,end-to-end,1,39,1,0.375895,0.00264,0.107589,4.850257,0.01664,0.00027,0.731982,6.085273,4.66092
1919,1079,2561,1441,resident,1,10,0,3e-05,0.00185,0.088849,1.300026,0.0134,0.00019,3e-05,1.404375,1.21996
1919,1079,2561,1441,resident,1,11,1,3e-05,0.00154,0.076509,1.326156,0.01818,0.00025,3e-05,1.422695,1.22052
1919,1079,2561,1441,resident,1,12,0,3e-05,0.00185,0.086499,1.305765,0.01318,0.00017,3e-05,1.407524,1.2222
1919,1079,2561,1441,resident,1,13,1,3e-05,0.00158,0.075839,1.334256,0.01699,0.00022,4e-05,1.428955,1.22056
1919,1079,2561,1441,resident,1,14,0,3e-05,0.00188,0.089139,1.301535,0.01793,0.00028,3e-05,1.410824,1.22088
1919,1079,2561,1441,resident,1,15,1,4e-05,0.00223,0.084019,1.295386,0.01504,0.0002,3e-05,1.396945,1.21964
1919,1079,2561,1441,resident,1,16,0,3e-05,0.00146,0.077769,1.313356,0.01782,0.00024,4e-05,1.410715,1.2188
1919,1079,2561,1441,resident,1,17,1,3e-05,0.00193,0.084659,1.290906,0.015419,0.00019,3e-05,1.393164,1.21992
1919,1079,2561,1441,resident,1,18,0,3e-05,0.00155,0.08058,1.308625,0.01386,0.0002,3e-05,1.404875,1.2194
1919,1079,2561,1441,resident,1,19,1,3e-05,0.00206,0.074269,1.315696,0.01762,0.00025,3e-05,1.409955,1.22028
1919,1079,2561,1441,resident,1,20,0,4e-05,0.00179,0.087839,1.295336,0.01396,0.00022,2e-05,1.399205,1.22144
1919,1079,2561,1441,resident,1,21,1,3e-05,0.0021,0.073109,1.317476,0.017569,0.00024,3e-05,1.410554,1.21952
1919,1079,2561,1441,resident,1,22,0,3e-05,0.00182,0.088599,1.287386,0.01324,0.0002,2e-05,1.391295,1.21936
1919,1079,2561,1441,resident,1,23,1,2e-05,0.0021,0.071869,1.330196,0.01781,0.00021,3e-05,1.422235,1.23004
1919,1079,2561,1441,resident,1,24,0,4e-05,0.0018,0.088919,1.288496,0.013379,0.00018,2e-05,1.392834,1.22028
1919,1079,2561,1441,resident,1,25,1,2e-05,0.00216,0.07367,1.319805,0.0173,0.00022,3e-05,1.413205,1.22016
1919,1079,2561,1441,resident,1,26,0,3e-05,0.00188,0.086359,1.299326,0.01282,0.0002,2e-05,1.400635,1.22152
1919,1079,2561,1441,resident,1,27,1,2e-05,0.00162,0.091369,1.310336,0.017959,0.00024,3e-05,1.421574,1.21928
1919,1079,2561,1441,resident,1,28,0,3e-05,0.00179,0.087629,1.299536,0.01788,0.00031,3e-05,1.407205,1.21992
1919,1079,2561,1441,resident,1,29,1,4e-05,0.00241,0.085119,1.292476,0.01567,0.00018,3e-05,1.395925,1.21868
1919,1079,2561,1441,resident,1,30,0,3e-05,0.0016,0.080059,1.315765,0.01908,0.00029,3e-05,1.416854,1.2192
1919,1079,2561,1441,resident,1,31,1,4e-05,0.00207,0.105299,1.288526,0.01797,0.00023,4e-05,1.414175,1.21828
1919,1079,2561,1441,resident,1,32,0,3e-05,0.00177,0.087909,1.309076,0.015059,0.00025,3e-05,1.414124,1.22136
1919,1079,2561,1441,resident,1,33,1,4e-05,0.00218,0.07295,1.308265,0.01583,0.00016,3e-05,1.399455,1.22028
1919,1079,2561,1441,resident,1,34,0,3e-05,0.00155,0.080619,1.311966,0.01708,0.00026,4e-05,1.411545,1.21952
1919,1079,2561,1441,resident,1,35,1,3e-05,0.00252,0.085079,1.294036,0.01561,0.00018,3e-05,1.397485,1.21912
1919,1079,2561,1441,resident,1,36,0,3e-05,0.00159,0.093989,1.300725,0.01823,0.00027,4e-05,1.414874,1.21988
1919,1079,2561,1441,resident,1,37,1,4e-05,0.00225,0.084499,1.287956,0.01525,0.00019,3e-05,1.390215,1.2194
1919,1079,2561,1441,resident,1,38,0,3e-05,0.00145,0.078079,1.318026,0.01807,0.00026,4e-05,1.415955,1.2206
1919,1079,2561,1441,resident,1,39,1,3e-05,0.00251,0.087809,1.288476,0.01567,0.00018,3e-05,1.394705,1.22116
1280,720,2560,1440,resident,2,10,0,3e-05,0.00172,0.07049,0.88694,0.01566,0.00025,3e-05,0.97512,0.7702
1280,720,2560,1440,resident,2,11,1,3e-05,0.00193,0.083219,0.852121,0.01289,0.0002,3e-05,0.95042,0.76036
1280,720,2560,1440,resident,2,12,0,2e-05,0.001699,0.06924,0.86162,0.01514,0.00028,3e-05,0.948029,0.74808
1280,720,2560,1440,resident,2,13,1,4e-05,0.00193,0.086169,0.829631,0.01278,0.00019,2e-05,0.93076,0.74396
1280,720,2560,1440,resident,2,14,0,3e-05,0.0017,0.070489,0.861051,0.01551,0.00024,3e-05,0.94905,0.74596
1280,720,2560,1440,resident,2,15,1,3e-05,0.00193,0.083409,0.83952,0.01604,0.00026,3e-05,0.941219,0.74568
1280,720,2560,1440,resident,2,16,0,4e-05,0.00206,0.076299,0.840771,0.01321,0.00019,3e-05,0.9326,0.74436
1280,720,2560,1440,resident,2,17,1,3e-05,0.00163,0.072239,0.848031,0.01282,0.00021,3e-05,0.93499,0.74404
1280,720,2560,1440,resident,2,18,0,2e-05,0.00172,0.070259,0.856081,0.0151,0.000239,3e-05,0.943449,0.74348
1280,720,2560,1440,resident,2,19,1,3e-05,0.00184,0.08231,0.845481,0.016119,0.00023,3e-05,0.94604,0.74268
1280,720,2560,1440,resident,2,20,0,3e-05,0.00193,0.083779,0.805632,0.013,0.00022,2e-05,0.904611,0.74256
1280,720,2560,1440,resident,2,21,1,3e-05,0.00156,0.076839,0.83656,0.01275,0.0002,2e-05,0.927959,0.74316
1280,720,2560,1440,resident,2,22,0,3e-05,0.00163,0.070059,0.851771,0.01518,0.00025,3e-05,0.93895,0.74292
1280,720,2560,1440,resident,2,23,1,3e-05,0.00192,0.082739,0.833381,0.01243,0.00019,3e-05,0.93072,0.75348
1280,720,2560,1440,resident,2,24,0,2e-05,0.00172,0.069189,0.848401,0.01562,0.00024,4e-05,0.93523,0.74332
1280,720,2560,1440,resident,2,25,1,3e-05,0.00191,0.082999,0.822361,0.01342,0.0002,2e-05,0.92094,0.74484
1280,720,2560,1440,resident,2,26,0,2e-05,0.00168,0.069849,0.846581,0.01514,0.00026,3e-05,0.93356,0.74316
1280,720,2560,1440,resident,2,27,1,3e-05,0.00193,0.082199,0.828581,0.01376,0.00017,3e-05,0.9267,0.74556
1280,720,2560,1440,resident,2,28,0,2e-05,0.00172,0.069569,0.84985,0.01502,0.00025,3e-05,0.936459,0.74564
1280,720,2560,1440,resident,2,29,1,4e-05,0.00199,0.083719,0.828951,0.01519,0.00025,3e-05,0.93017,0.74364
1280,720,2560,1440,resident,2,30,0,3e-05,0.00192,0.07014,0.83352,0.01365,0.00021,3e-05,0.9195,0.74148
1280,720,2560,1440,resident,2,31,1,3e-05,0.00164,0.077649,0.841631,0.01539,0.00024,3e-05,0.93661,0.74356
1280,720,2560,1440,resident,2,32,0,3e-05,0.00197,0.082139,0.830451,0.0152,0.00024,3e-05,0.93006,0.74452
1280,720,2560,1440,resident,2,33,1,3e-05,0.00188,0.082379,0.825871,0.01335,0.00018,3e-05,0.92372,0.74372
1280,720,2560,1440,resident,2,34,0,3e-05,0.00167,0.072409,0.831851,0.0131,0.00018,2e-05,0.91926,0.74156
1280,720,2560,1440,resident,2,35,1,3e-05,0.0017,0.080809,0.828391,0.01285,0.00018,3e-05,0.92399,0.74296
1280,720,2560,1440,resident,2,36,0,3e-05,0.0017,0.069559,0.847941,0.015429,0.00021,3e-05,0.934899,0.74332
1280,720,2560,1440,resident,2,37,1,4e-05,0.00193,0.082689,0.819412,0.012819,0.00019,3e-05,0.91711,0.743
1280,720,2560,1440,resident,2,38,0,3e-05,0.00165,0.06942,0.848911,0.015379,0.00024,3e-05,0.93566,0.7424
1280,720,2560,1440,resident,2,39,1,3e-05,0.00193,0.082339,0.825381,0.01297,0.0002,3e-05,0.92288,0.74596
1280,720,2560,1440,end-to-end,2,10,0,0.161818,0.00233,0.091829,3.592491,0.02111,0.00036,0.774761,4.644699,3.49964
1280,720,2560,1440,end-to-end,2,11,1,0.167338,0.00294,0.106629,3.575541,0.01998,0.00027,0.722622,4.59532,3.49764
1280,720,2560,1440,end-to-end,2,12,0,0.148929,0.00232,0.089359,3.59049,0.01902,0.00031,0.656413,4.506841,3.5
1280,720,2560,1440,end-to-end,2,13,1,0.128019,0.00264,0.088749,3.572491,0.01908,0.00027,0.620713,4.431962,3.49676
1280,720,2560,1440,end-to-end,2,14,0,0.124568,0.00295,0.107219,3.581751,0.01864,0.0003,0.607893,4.443321,3.49916
1280,720,2560,1440,end-to-end,2,15,1,0.122439,0.00257,0.101879,3.572501,0.01934,0.00028,0.596883,4.415892,3.499
1280,720,2560,1440,end-to-end,2,16,0,0.114899,0.00216,0.086579,3.574381,0.01873,0.00032,0.594633,4.391702,3.50036
1280,720,2560,1440,end-to-end,2,17,1,0.120189,0.00253,0.113339,4.136835,0.0178,0.00025,0.575133,4.966076,3.49976
1280,720,2560,1440,end-to-end,2,18,0,0.122569,0.00218,0.090319,3.579571,0.01888,0.00028,0.599163,4.412962,3.50448
1280,720,2560,1440,end-to-end,2,19,1,0.115069,0.00228,0.085979,3.571031,0.02501,0.00029,0.587963,4.387622,3.49632
1280,720,2560,1440,end-to-end,2,20,0,0.122249,0.00253,0.103499,3.568871,0.01963,0.00025,0.606933,4.423962,3.49912
1280,720,2560,1440,end-to-end,2,21,1,0.123259,0.00248,0.101689,3.574961,0.018169,0.00026,0.604674,4.425492,3.4984
1280,720,2560,1440,end-to-end,2,22,0,0.113879,0.00213,0.085049,3.577451,0.01875,0.00027,0.592893,4.390422,3.4988
1280,720,2560,1440,end-to-end,2,23,1,0.116159,0.00256,0.133769,3.57503,0.01882,0.00027,0.602054,4.448662,3.4968
1280,720,2560,1440,end-to-end,2,24,0,0.115538,0.00217,0.085719,3.573192,0.019169,0.00025,0.590764,4.386802,3.499
1280,720,2560,1440,end-to-end,2,25,1,0.115869,0.00258,0.101269,3.570511,0.018079,0.00029,0.600884,4.409482,3.49616
1280,720,2560,1440,end-to-end,2,26,0,0.123939,0.00256,0.097878,3.569312,0.019469,0.00023,0.592754,4.406142,3.49784
1280,720,2560,1440,end-to-end,2,27,1,0.109299,0.00218,0.086059,3.574221,0.018449,0.00033,0.592394,4.382932,3.50016
1280,720,2560,1440,end-to-end,2,28,0,0.131849,0.00257,0.098989,3.565881,0.01962,0.00025,0.604683,4.423842,3.49548
1280,720,2560,1440,end-to-end,2,29,1,0.110599,0.00222,0.084029,3.578091,0.01911,0.00041,0.591663,4.386122,3.5014
1280,720,2560,1440,end-to-end,2,30,0,0.123269,0.00254,0.099639,3.568621,0.01925,0.00026,0.602613,4.416192,3.49564
1280,720,2560,1440,end-to-end,2,31,1,0.114539,0.00257,0.096229,3.574411,0.01804,0.0003,0.593043,4.399132,3.4986
1280,720,2560,1440,end-to-end,2,32,0,0.108829,0.00216,0.086239,3.566081,0.01961,0.00026,0.591713,4.374892,3.49512
1280,720,2560,1440,end-to-end,2,33,1,0.114299,0.00255,0.107329,3.569061,0.01794,0.00029,0.596494,4.407963,3.4954
1280,720,2560,1440,end-to-end,2,34,0,0.116628,0.00214,0.084889,3.580191,0.01935,0.00024,0.595324,4.398762,3.5008
1280,720,2560,1440,end-to-end,2,35,1,0.112738,0.0027,0.100359,3.572231,0.01778,0.00026,0.597194,4.403262,3.49684
1280,720,2560,1440,end-to-end,2,36,0,0.118298,0.00267,0.102489,3.568621,0.0194,0.00023,0.597263,4.408971,3.49784
1280,720,2560,1440,end-to-end,2,37,1,0.105859,0.00234,0.085729,3.572812,0.019449,0.00025,0.590444,4.376883,3.49592
1280,720,2560,1440,end-to-end,2,38,0,0.120459,0.01018,0.099628,3.571901,0.01923,0.00024,0.595274,4.416912,3.5016
1280,720,2560,1440,end-to-end,2,39,1,0.107688,0.00238,0.08649,3.575971,0.017839,0.00031,0.592984,4.383662,3.50056
1920,1080,960,540,resident,2,10,0,3e-05,0.00155,0.091039,1.005659,0.01797,0.00022,3e-05,1.116498,0.93332
1920,1080,960,540,resident,2,11,1,3e-05,0.0017,0.099388,1.004199,0.02051,0.00027,4e-05,1.126137,0.93344
1920,1080,960,540,resident,2,12,0,3e-05,0.00193,0.108559,1.005729,0.02092,0.00026,4e-05,1.137468,0.93492
1920,1080,960,540,resident,2,13,1,4e-05,0.00184,0.107209,0.998919,0.01866,0.00023,3e-05,1.126928,0.93272
1920,1080,960,540,resident,2,14,0,3e-05,0.0016,0.091509,1.012428,0.02121,0.00023,3e-05,1.127037,0.93412
1920,1080,960,540,resident,2,15,1,3e-05,0.00166,0.092809,1.013839,0.01778,0.00021,3e-05,1.126358,0.93316
1920,1080,960,540,resident,2,16,0,3e-05,0.00157,0.091509,1.013419,0.01782,0.00022,3e-05,1.124598,0.93484
1920,1080,960,540,resident,2,17,1,3e-05,0.00166,0.091319,1.015039,0.018279,0.00021,2e-05,1.126557,0.93464
1920,1080,960,540,resident,2,18,0,3e-05,0.00162,0.090419,1.01164,0.020829,0.00021,3e-05,1.124778,0.93564
1920,1080,960,540,resident,2,19,1,3e-05,0.00165,0.098269,1.015109,0.02122,0.00028,3e-05,1.136588,0.9334
1920,1080,960,540,resident,2,20,0,4e-05,0.002,0.108209,1.005079,0.0205,0.00029,3e-05,1.136148,0.93368
1920,1080,960,540,resident,2,21,1,4e-05,0.001839,0.103529,1.000789,0.01817,0.00023,2e-05,1.124617,0.93416
1920,1080,960,540,resident,2,22,0,3e-05,0.00158,0.090829,1.012269,0.01771,0.00021,3e-05,1.122658,0.93344
1920,1080,960,540,resident,2,23,1,3e-05,0.0016,0.091809,1.005429,0.01832,0.00025,3e-05,1.117468,0.93244
1920,1080,960,540,resident,2,24,0,3e-05,0.00162,0.090589,1.009399,0.01762,0.00022,3e-05,1.119508,0.9336
1920,1080,960,540,resident,2,25,1,3e-05,0.00157,0.091929,1.006459,0.017819,0.00022,3e-05,1.118057,0.93316
1920,1080,960,540,resident,2,26,0,3e-05,0.00161,0.090439,1.0055,0.018259,0.00023,2e-05,1.116088,0.933
1920,1080,960,540,resident,2,27,1,3e-05,0.00159,0.101789,1.019919,0.01874,0.00027,3e-05,1.142368,0.9322
1920,1080,960,540,resident,2,28,0,3e-05,0.0019,0.108879,1.006659,0.01908,0.00028,4e-05,1.136868,0.932
1920,1080,960,540,resident,2,29,1,4e-05,0.00187,0.096438,0.99647,0.017799,0.00023,3e-05,1.112877,0.93288
1920,1080,960,540,resident,2,30,0,3e-05,0.00152,0.092359,1.004549,0.01778,0.00022,2e-05,1.116478,0.93308
1920,1080,960,540,resident,2,31,1,3e-05,0.00157,0.094439,0.992209,0.0216,0.00022,3e-05,1.110098,0.93304
1920,1080,960,540,resident,2,32,0,5e-05,0.00162,0.092509,1.001139,0.01832,0.00022,3e-05,1.113888,0.93284
1920,1080,960,540,resident,2,33,1,3e-05,0.00159,0.091869,1.002239,0.01861,0.00022,2e-05,1.114578,0.93492
1920,1080,960,540,resident,2,34,0,3e-05,0.00165,0.091509,1.004429,0.017989,0.00022,2e-05,1.115847,0.93444
1920,1080,960,540,resident,2,35,1,3e-05,0.00155,0.101489,1.022139,0.01773,0.00021,2e-05,1.143168,0.93256
1920,1080,960,540,resident,2,36,0,3e-05,0.0017,0.091669,1.015029,0.01859,0.00026,3e-05,1.127308,0.93248
1920,1080,960,540,resident,2,37,1,4e-05,0.00186,0.108719,1.008669,0.016859,0.00025,6e-05,1.136457,0.9336
1920,1080,960,540,resident,2,38,0,3e-05,0.00175,0.095399,0.99843,0.017739,0.00024,3e-05,1.113618,0.9342
1920,1080,960,540,resident,2,39,1,3e-05,0.0016,0.091559,1.003269,0.01796,0.00023,3e-05,1.114678,0.9344
1920,1080,960,540,end-to-end,2,10,0,0.275247,0.00264,0.097939,2.489342,0.0159,0.00027,0.073109,2.954447,2.41428
1920,1080,960,540,end-to-end,2,11,1,0.236468,0.00257,0.098399,2.486293,0.015839,0.00028,0.07304,2.912889,2.4138
1920,1080,960,540,end-to-end,2,12,0,0.274147,0.00242,0.096249,2.489292,0.01563,0.00028,0.07375,2.951768,2.41412
1920,1080,960,540,end-to-end,2,13,1,0.273617,0.00272,0.099398,2.498633,0.02127,0.00029,0.078499,2.974427,2.413
1920,1080,960,540,end-to-end,2,14,0,0.281257,0.00298,0.116179,2.498963,0.022369,0.00028,0.084649,3.006677,2.4136
1920,1080,960,540,end-to-end,2,15,1,0.279287,0.0029,0.106759,2.495253,0.02061,0.00026,0.075549,2.980618,2.41384
1920,1080,960,540,end-to-end,2,16,0,0.276817,0.0027,0.102119,2.503422,0.02149,0.00033,0.086919,2.993797,2.41428
1920,1080,960,540,end-to-end,2,17,1,0.289987,0.00326,0.131879,2.488513,0.018709,0.00028,0.084219,3.016847,2.4122
1920,1080,960,540,end-to-end,2,18,0,0.267258,0.00285,0.112218,2.484943,0.01614,0.00024,0.082939,2.966588,2.41328
1920,1080,960,540,end-to-end,2,19,1,0.250207,0.00308,0.101329,2.485513,0.01513,0.00023,0.082629,2.938118,2.41396
1920,1080,960,540,end-to-end,2,20,0,0.270297,0.00259,0.100409,2.484873,0.01578,0.00026,0.084749,2.958958,2.41372
1920,1080,960,540,end-to-end,2,21,1,0.249317,0.00242,0.098989,2.486283,0.01572,0.00026,0.083069,2.936058,2.415
1920,1080,960,540,end-to-end,2,22,0,0.246767,0.00254,0.101169,2.497653,0.01612,0.00024,0.081439,2.945928,2.41308
1920,1080,960,540,end-to-end,2,23,1,0.226027,0.00204,0.08121,2.502472,0.02209,0.00031,0.104099,2.938248,2.41264
1920,1080,960,540,end-to-end,2,24,0,0.294667,0.00335,0.103699,2.486992,0.01615,0.00025,0.097239,3.002347,2.41488
1920,1080,960,540,end-to-end,2,25,1,0.257197,0.00265,0.101909,2.478973,0.01294,0.00022,0.078679,2.932568,2.4144
1920,1080,960,540,end-to-end,2,26,0,0.229318,0.00224,0.082889,2.487943,0.01618,0.00027,0.080979,2.899819,2.41288
1920,1080,960,540,end-to-end,2,27,1,0.256057,0.0025,0.099059,2.484573,0.01567,0.00025,0.080849,2.938958,2.41344
1920,1080,960,540,end-to-end,2,28,0,0.287077,0.002499,0.097249,2.486253,0.01581,0.00024,0.079979,2.969107,2.41348
1920,1080,960,540,end-to-end,2,29,1,0.250148,0.00244,0.097259,2.482832,0.0155,0.00026,0.078729,2.927168,2.41328
1920,1080,960,540,end-to-end,2,30,0,0.241618,0.00241,0.104699,2.486003,0.015459,0.00024,0.08139,2.931819,2.4142
1920,1080,960,540,end-to-end,2,31,1,0.277777,0.00238,0.105648,2.483843,0.01547,0.00026,0.080479,2.965857,2.41364
1920,1080,960,540,end-to-end,2,32,0,0.243928,0.00249,0.098349,2.484232,0.01552,0.00025,0.083729,2.928498,2.41344
1920,1080,960,540,end-to-end,2,33,1,0.280137,0.00248,0.097829,2.486993,0.01543,0.00021,0.079459,2.962538,2.41436
1920,1080,960,540,end-to-end,2,34,0,0.251767,0.00243,0.095409,2.487643,0.01611,0.0003,0.081229,2.934888,2.41488
1920,1080,960,540,end-to-end,2,35,1,0.278527,0.0026,0.099659,2.484963,0.01633,0.00026,0.079489,2.961828,2.4146
1920,1080,960,540,end-to-end,2,36,0,0.277207,0.00249,0.096418,2.486284,0.015909,0.00029,0.082649,2.961247,2.41396
1920,1080,960,540,end-to-end,2,37,1,0.281307,0.00268,0.098529,2.483453,0.0157,0.00027,0.082139,2.964078,2.41344
1920,1080,960,540,end-to-end,2,38,0,0.291147,0.00253,0.098149,2.484973,0.01583,0.00025,0.081429,2.974308,2.41444
1920,1080,960,540,end-to-end,2,39,1,0.278797,0.00239,0.095979,2.485993,0.016149,0.00027,0.08049,2.960068,2.41296
3840,2160,1919,1079,resident,2,10,0,3e-05,0.00447,0.104499,3.769668,0.02156,0.00032,3e-05,3.900577,3.69268
3840,2160,1919,1079,resident,2,11,1,3e-05,0.00544,0.114799,3.787689,0.0263,0.0003,3e-05,3.934588,3.70936
3840,2160,1919,1079,resident,2,12,0,4e-05,0.0046,0.106148,3.807049,0.021969,0.00027,3e-05,3.940106,3.72284
3840,2160,1919,1079,resident,2,13,1,3e-05,0.00233,0.115119,3.818079,0.025909,0.00037,4e-05,3.961877,3.7402
3840,2160,1919,1079,resident,2,14,0,4e-05,0.00563,0.109969,3.830068,0.02402,0.00034,4e-05,3.970107,3.757
3840,2160,1919,1079,resident,2,15,1,3e-05,0.00535,0.114419,3.849758,0.025999,0.00029,3e-05,3.995876,3.7724
3840,2160,1919,1079,resident,2,16,0,3e-05,0.00468,0.106259,3.845179,0.024199,0.00038,3e-05,3.980757,3.76908
3840,2160,1919,1079,resident,2,17,1,3e-05,0.00231,0.113449,3.863328,0.02663,0.00034,4e-05,4.006127,3.78532
3840,2160,1919,1079,resident,2,18,0,3e-05,0.00475,0.106158,3.857898,0.02437,0.00033,3e-05,3.993566,3.78132
3840,2160,1919,1079,resident,2,19,1,3e-05,0.00232,0.114849,3.861558,0.026239,0.00031,3e-05,4.005336,3.7814
3840,2160,1919,1079,resident,2,20,0,3e-05,0.00461,0.106349,3.859258,0.02098,0.00031,3e-05,3.991567,3.78188
3840,2160,1919,1079,resident,2,21,1,3e-05,0.00561,0.114138,3.864269,0.025249,0.00029,4e-05,4.009626,3.78528
3840,2160,1919,1079,resident,2,22,0,4e-05,0.0022,0.110159,3.854008,0.02353,0.00032,3e-05,3.990287,3.78128
3840,2160,1919,1079,resident,2,23,1,3e-05,0.00222,0.119598,3.857608,0.02588,0.0003,3e-05,4.005666,3.77996
3840,2160,1919,1079,resident,2,24,0,3e-05,0.00483,0.106189,3.857828,0.02439,0.00031,4e-05,3.993617,3.78368
3840,2160,1919,1079,resident,2,25,1,3e-05,0.00577,0.115558,3.867728,0.02644,0.00263,3e-05,4.018186,3.78344
3840,2160,1919,1079,resident,2,26,0,3e-05,0.00239,0.110028,3.862929,0.024649,0.00032,3e-05,4.000376,3.7836
3840,2160,1919,1079,resident,2,27,1,3e-05,0.00231,0.116379,3.865478,0.02577,0.00028,4e-05,4.010287,3.78784
3840,2160,1919,1079,resident,2,28,0,3e-05,0.00215,0.106898,3.860378,0.02163,0.00323,3e-05,3.994346,3.78264
3840,2160,1919,1079,resident,2,29,1,4e-05,0.00234,0.114999,3.862348,0.02595,0.000299,3e-05,4.006006,3.78452
3840,2160,1919,1079,resident,2,30,0,3e-05,0.00452,0.107139,3.855798,0.0245,0.00031,3e-05,3.992327,3.78396
3840,2160,1919,1079,resident,2,31,1,3e-05,0.0054,0.113809,3.867337,0.02579,0.00028,3e-05,4.012676,3.78904
3840,2160,1919,1079,resident,2,32,0,3e-05,0.00459,0.106169,3.865738,0.02556,0.00034,3e-05,4.002457,3.78328
3840,2160,1919,1079,resident,2,33,1,3e-05,0.00238,0.118318,3.860968,0.02599,0.0003,3e-05,4.008016,3.78204
3840,2160,1919,1079,resident,2,34,0,3e-05,0.00472,0.106699,3.860118,0.02111,0.00028,2.9e-05,3.992986,3.78416
3840,2160,1919,1079,resident,2,35,1,4e-05,0.0021,0.117419,3.871648,0.02588,0.00031,3e-05,4.017427,3.79356
3840,2160,1919,1079,resident,2,36,0,3e-05,0.00458,0.106349,3.856447,0.02417,0.00028,3e-05,3.991886,3.78508
3840,2160,1919,1079,resident,2,37,1,3e-05,0.00533,0.115449,3.871208,0.022909,0.00029,3e-05,4.015246,3.78816
3840,2160,1919,1079,resident,2,38,0,3e-05,0.00202,0.097399,3.867718,0.02346,0.0003,4e-05,3.990967,3.79
3840,2160,1919,1079,resident,2,39,1,3e-05,0.00536,0.114959,3.863038,0.026749,0.00036,4e-05,4.010536,3.78228
3840,2160,1919,1079,end-to-end,2,10,0,1.704522,0.00239,0.090429,9.772683,0.0194,0.00023,0.439605,12.029259,9.57128
3840,2160,1919,1079,end-to-end,2,11,1,1.568403,0.00261,0.089309,9.784604,0.024229,0.0003,0.441366,11.910821,9.57552
3840,2160,1919,1079,end-to-end,2,12,0,1.705831,0.00265,0.096269,9.767014,0.019179,0.00021,0.438595,12.029748,9.57304
3840,2160,1919,1079,end-to-end,2,13,1,1.569873,0.00232,0.089209,9.786094,0.01878,0.00025,0.434375,11.900901,9.5798
3840,2160,1919,1079,end-to-end,2,14,0,1.758281,0.00245,0.095129,9.769683,0.01902,0.00028,0.434725,12.079568,9.57492
3840,2160,1919,1079,end-to-end,2,15,1,1.562953,0.00221,0.090939,9.786993,0.0243,0.0003,0.461855,11.92955,9.57944
3840,2160,1919,1079,end-to-end,2,16,0,1.778191,0.00354,0.135248,9.735174,0.02495,0.00031,0.460075,12.137488,9.57828
3840,2160,1919,1079,end-to-end,2,17,1,1.610973,0.00282,0.099459,9.783433,0.02392,0.00031,0.465745,11.98666,9.58152
3840,2160,1919,1079,end-to-end,2,18,0,1.716791,0.0027,0.112938,9.776704,0.03089,0.00027,0.448985,12.089278,9.58068
3840,2160,1919,1079,end-to-end,2,19,1,1.619762,0.00266,0.098019,9.772394,0.01925,0.00028,0.459055,11.97142,9.57656
3840,2160,1919,1079,end-to-end,2,20,0,1.713391,0.00245,0.095769,9.777723,0.02098,0.00031,0.453495,12.064118,9.57528
3840,2160,1919,1079,end-to-end,2,21,1,1.612223,0.00271,0.096238,9.784034,0.0231,0.00024,0.445005,11.96355,9.57936
3840,2160,1919,1079,end-to-end,2,22,0,1.686521,0.0023,0.089839,9.784524,0.02084,0.00024,0.446615,12.030879,9.58108
3840,2160,1919,1079,end-to-end,2,23,1,1.625032,0.00226,0.088049,9.782093,0.01916,0.00025,0.434985,11.951829,9.57748
3840,2160,1919,1079,end-to-end,2,24,0,1.686212,0.00222,0.088619,9.770834,0.018609,0.00029,0.430546,11.99733,9.56928
3840,2160,1919,1079,end-to-end,2,25,1,1.580623,0.00223,0.086409,9.804753,0.01893,0.00028,0.429365,11.92259,9.58324
3840,2160,1919,1079,end-to-end,2,26,0,1.689792,0.00232,0.086629,9.780803,0.0251,0.00031,0.420085,12.005039,9.57568
3840,2160,1919,1079,end-to-end,2,27,1,1.607313,0.00232,0.088829,9.775923,0.01873,0.00024,0.422516,11.915871,9.57308
3840,2160,1919,1079,end-to-end,2,28,0,1.665321,0.0022,0.085879,9.775174,0.01848,0.0003,0.423065,11.970419,9.57832
3840,2160,1919,1079,end-to-end,2,29,1,1.579923,0.00244,0.087739,9.775074,0.018939,0.00024,0.414666,11.879021,9.56928
3840,2160,1919,1079,end-to-end,2,30,0,1.667792,0.002309,0.08764,9.790573,0.01961,0.00027,0.414065,11.982259,9.57944
3840,2160,1919,1079,end-to-end,2,31,1,1.584783,0.00222,0.087089,9.770124,0.022709,0.00033,0.425136,11.892391,9.57276
3840,2160,1919,1079,end-to-end,2,32,0,1.633252,0.00226,0.094039,9.698264,0.01947,0.00031,0.418745,11.86634,9.57316
3840,2160,1919,1079,end-to-end,2,33,1,1.556524,0.002359,0.08874,9.770083,0.01875,0.00025,0.421465,11.858171,9.57232
3840,2160,1919,1079,end-to-end,2,34,0,1.646452,0.00255,0.088879,9.781534,0.01995,0.00029,0.425665,11.96532,9.58232
3840,2160,1919,1079,end-to-end,2,35,1,1.570463,0.00227,0.088059,9.777283,0.01941,0.00031,0.417746,11.875541,9.57164
3840,2160,1919,1079,end-to-end,2,36,0,1.672121,0.00259,0.092269,9.775604,0.01888,0.00026,0.413175,11.974899,9.57708
3840,2160,1919,1079,end-to-end,2,37,1,1.579003,0.00241,0.090089,9.789933,0.0245,0.00037,0.458355,11.94466,9.57528
3840,2160,1919,1079,end-to-end,2,38,0,1.678292,0.00318,0.103439,9.768973,0.02419,0.00029,0.441225,12.019589,9.57536
3840,2160,1919,1079,end-to-end,2,39,1,1.616072,0.00265,0.093199,9.778814,0.02044,0.00028,0.438665,11.95012,9.57892
1919,1079,2561,1441,resident,2,10,0,3e-05,0.00152,0.069079,1.342835,0.01561,0.00025,3e-05,1.429354,1.22868
1919,1079,2561,1441,resident,2,11,1,3e-05,0.00191,0.082599,1.306206,0.01308,0.00019,3e-05,1.404045,1.21948
1919,1079,2561,1441,resident,2,12,0,2e-05,0.00158,0.069329,1.331686,0.015159,0.00025,3e-05,1.418054,1.219
1919,1079,2561,1441,resident,2,13,1,3e-05,0.00187,0.090709,1.307866,0.01569,0.00028,3e-05,1.416475,1.2196
1919,1079,2561,1441,resident,2,14,0,3e-05,0.00205,0.085789,1.303466,0.01399,0.0002,3e-05,1.405555,1.22024
1919,1079,2561,1441,resident,2,15,1,2e-05,0.00164,0.071359,1.322835,0.02289,0.00027,4e-05,1.419054,1.2192
1919,1079,2561,1441,resident,2,16,0,3e-05,0.00255,0.083849,1.290106,0.01257,0.00021,3e-05,1.389345,1.22
1919,1079,2561,1441,resident,2,17,1,2e-05,0.00163,0.071179,1.322966,0.015,0.000239,3e-05,1.411064,1.2204
1919,1079,2561,1441,resident,2,18,0,4e-05,0.00181,0.091099,1.305496,0.0156,0.00025,4e-05,1.414335,1.2206
1919,1079,2561,1441,resident,2,19,1,3e-05,0.00198,0.085129,1.298346,0.01297,0.0002,3e-05,1.398685,1.22084
1919,1079,2561,1441,resident,2,20,0,3e-05,0.00155,0.071429,1.325486,0.01514,0.00025,3e-05,1.413915,1.22004
1919,1079,2561,1441,resident,2,21,1,3e-05,0.00184,0.082789,1.296646,0.012639,0.00019,3e-05,1.394164,1.21876
1919,1079,2561,1441,resident,2,22,0,3e-05,0.00154,0.06928,1.331535,0.01549,0.00026,3e-05,1.418165,1.22056
1919,1079,2561,1441,resident,2,23,1,3e-05,0.00197,0.082119,1.305876,0.01535,0.00025,3e-05,1.405625,1.21892
1919,1079,2561,1441,resident,2,24,0,3e-05,0.0019,0.082539,1.308536,0.014009,0.00024,3e-05,1.407284,1.22048
1919,1079,2561,1441,resident,2,25,1,3e-05,0.00187,0.07578,1.315065,0.01535,0.00023,3e-05,1.408355,1.2188
1919,1079,2561,1441,resident,2,26,0,3e-05,0.00199,0.082059,1.302526,0.01307,0.0002,3e-05,1.399905,1.21944
1919,1079,2561,1441,resident,2,27,1,3e-05,0.00161,0.071569,1.322966,0.01518,0.00024,3e-05,1.411625,1.21848
1919,1079,2561,1441,resident,2,28,0,3e-05,0.00189,0.081869,1.308795,0.01533,0.00024,3e-05,1.408184,1.2202
1919,1079,2561,1441,resident,2,29,1,3e-05,0.0019,0.084499,1.299056,0.01242,0.0002,3e-05,1.398135,1.21904
1919,1079,2561,1441,resident,2,30,0,3e-05,0.00152,0.069879,1.325116,0.015239,0.00024,3e-05,1.412054,1.21892
1919,1079,2561,1441,resident,2,31,1,3e-05,0.00183,0.082869,1.298077,0.012449,0.00018,3e-05,1.395465,1.21808
1919,1079,2561,1441,resident,2,32,0,3e-05,0.00151,0.0707,1.324035,0.01495,0.00023,3e-05,1.411485,1.21844
1919,1079,2561,1441,resident,2,33,1,3e-05,0.00186,0.083459,1.305956,0.01552,0.00024,4e-05,1.407105,1.21976
1919,1079,2561,1441,resident,2,34,0,3e-05,0.00191,0.081579,1.297095,0.01266,0.0002,3e-05,1.393504,1.21868
1919,1079,2561,1441,resident,2,35,1,2e-05,0.00156,0.07128,1.326835,0.01519,0.00023,4e-05,1.415155,1.21828
1919,1079,2561,1441,resident,2,36,0,3e-05,0.00185,0.081499,1.299646,0.01263,0.00019,3e-05,1.395875,1.21868
1919,1079,2561,1441,resident,2,37,1,2e-05,0.0016,0.070489,1.327056,0.015259,0.00025,3e-05,1.414704,1.22224
1919,1079,2561,1441,resident,2,38,0,3e-05,0.00183,0.082609,1.298336,0.01239,0.0002,3e-05,1.395425,1.22116
1919,1079,2561,1441,resident,2,39,1,2e-05,0.00157,0.070729,1.324636,0.01506,0.00024,3e-05,1.412285,1.2198
1919,1079,2561,1441,end-to-end,2,10,0,0.386226,0.00251,0.101079,4.839627,0.015789,0.00022,0.727453,6.072904,4.6466
1919,1079,2561,1441,end-to-end,2,11,1,0.388525,0.00279,0.101489,4.841877,0.01555,0.00029,0.712463,6.062984,4.65612
1919,1079,2561,1441,end-to-end,2,12,0,0.391005,0.00331,0.117649,4.860947,0.01614,0.00027,0.722302,6.111623,4.67724
1919,1079,2561,1441,end-to-end,2,13,1,0.385456,0.00223,0.090519,4.882607,0.01579,0.000209,0.727283,6.104094,4.68568
1919,1079,2561,1441,end-to-end,2,14,0,0.351856,0.00203,0.085329,4.869797,0.01583,0.00026,0.717132,6.042234,4.66772
1919,1079,2561,1441,end-to-end,2,15,1,0.361956,0.00217,0.085449,4.864317,0.0156,0.00023,0.715352,6.045074,4.66492
1919,1079,2561,1441,end-to-end,2,16,0,0.346886,0.00225,0.085299,4.887567,0.01623,0.00026,0.712252,6.050744,4.65836
1919,1079,2561,1441,end-to-end,2,17,1,0.339326,0.00218,0.088129,4.881617,0.01645,0.00027,0.713122,6.041094,4.6516
1919,1079,2561,1441,end-to-end,2,18,0,0.323447,0.00243,0.089829,4.892426,0.01625,0.0003,0.703912,6.028594,4.65428
1919,1079,2561,1441,end-to-end,2,19,1,0.343397,0.00241,0.088909,4.879417,0.016139,0.00032,0.710913,6.041505,4.64968
1919,1079,2561,1441,end-to-end,2,20,0,0.317296,0.00245,0.088429,4.739299,0.016119,0.00037,0.707343,5.871306,4.64944
1919,1079,2561,1441,end-to-end,2,21,1,0.332296,0.00209,0.087799,4.891787,0.01584,0.00033,0.698032,6.028174,4.65316
1919,1079,2561,1441,end-to-end,2,22,0,0.327527,0.002569,0.102769,4.732559,0.01585,0.00027,0.692472,5.874016,4.65376
1919,1079,2561,1441,end-to-end,2,23,1,0.332146,0.00266,0.101769,4.740889,0.01619,0.00026,0.687452,5.881366,4.6618
1919,1079,2561,1441,end-to-end,2,24,0,0.339356,0.00261,0.100059,4.724529,0.015739,0.00026,0.717743,5.900296,4.64376
1919,1079,2561,1441,end-to-end,2,25,1,0.349016,0.00282,0.102829,4.856397,0.0167,0.00026,0.706082,6.034104,4.66136
1919,1079,2561,1441,end-to-end,2,26,0,0.340916,0.00259,0.098709,4.899277,0.0167,0.00027,0.703082,6.061544,4.68336
1919,1079,2561,1441,end-to-end,2,27,1,0.340536,0.0026,0.087749,4.926647,0.016089,0.00026,0.720243,6.094124,4.68888
1919,1079,2561,1441,end-to-end,2,28,0,0.327936,0.00209,0.084969,4.901397,0.01625,0.00024,0.711142,6.044024,4.67016
1919,1079,2561,1441,end-to-end,2,29,1,0.324796,0.0021,0.085829,4.746699,0.015659,0.00028,0.702593,5.877956,4.65944
1919,1079,2561,1441,end-to-end,2,30,0,0.331246,0.00251,0.112939,4.909746,0.02153,0.00028,0.710393,6.088644,4.68896
1919,1079,2561,1441,end-to-end,2,31,1,0.321476,0.00238,0.087309,4.909487,0.017339,0.00026,0.775992,6.114243,4.66348
1919,1079,2561,1441,end-to-end,2,32,0,0.380246,0.00275,0.099129,4.853767,0.01612,0.00044,0.768961,6.121413,4.66308
1919,1079,2561,1441,end-to-end,2,33,1,0.344226,0.00219,0.089099,4.854188,0.01578,0.00034,0.762871,6.068694,4.6526
1919,1079,2561,1441,end-to-end,2,34,0,0.334236,0.00218,0.090979,4.849768,0.01597,0.00041,0.745961,6.039504,4.64952
1919,1079,2561,1441,end-to-end,2,35,1,0.340277,0.00232,0.087649,4.840887,0.01625,0.00031,0.745902,6.033595,4.64296
1919,1079,2561,1441,end-to-end,2,36,0,0.319056,0.002,0.087499,4.860947,0.01429,0.00021,0.710702,5.994704,4.64624
1919,1079,2561,1441,end-to-end,2,37,1,0.335967,0.00249,0.092769,4.879086,0.01504,0.00025,0.721972,6.047574,4.64852
1919,1079,2561,1441,end-to-end,2,38,0,0.336677,0.00256,0.098009,4.850237,0.01533,0.00028,0.710572,6.013665,4.6414
1919,1079,2561,1441,end-to-end,2,39,1,0.332266,0.00218,0.088969,4.876307,0.0163,0.00027,0.720832,6.037124,4.6362
